ovr,precision,recall,thresholds
0,0.8847926267281107,1.0,0.05628058686852455
0,0.8842592592592593,0.9947916666666666,0.05860644206404686
0,0.8883720930232558,0.9947916666666666,0.059421852231025696
0,0.8925233644859814,0.9947916666666666,0.07179366797208786
0,0.8967136150234741,0.9947916666666666,0.0752459317445755
0,0.9009433962264151,0.9947916666666666,0.07658363878726959
0,0.9052132701421801,0.9947916666666666,0.07682212442159653
0,0.9095238095238095,0.9947916666666666,0.08768841624259949
0,0.9138755980861244,0.9947916666666666,0.09808703511953354
0,0.9182692307692307,0.9947916666666666,0.10343128442764282
0,0.9227053140096618,0.9947916666666666,0.12979839742183685
0,0.9271844660194175,0.9947916666666666,0.16275067627429962
0,0.9317073170731708,0.9947916666666666,0.170257568359375
0,0.9362745098039216,0.9947916666666666,0.17609842121601105
0,0.9408866995073891,0.9947916666666666,0.17855682969093323
0,0.9455445544554455,0.9947916666666666,0.181688129901886
0,0.9502487562189055,0.9947916666666666,0.19672223925590515
0,0.955,0.9947916666666666,0.2554793655872345
0,0.9597989949748744,0.9947916666666666,0.27282506227493286
0,0.9595959595959596,0.9895833333333334,0.27728861570358276
0,0.9644670050761421,0.9895833333333334,0.33891868591308594
0,0.9642857142857143,0.984375,0.3857665956020355
0,0.9641025641025641,0.9791666666666666,0.5539299845695496
0,0.9639175257731959,0.9739583333333334,0.5771768689155579
0,0.9637305699481865,0.96875,0.6041218042373657
0,0.96875,0.96875,0.6757903695106506
0,0.9738219895287958,0.96875,0.7128863334655762
0,0.9736842105263158,0.9635416666666666,0.7536318302154541
0,0.9735449735449735,0.9583333333333334,0.778109073638916
0,0.9787234042553191,0.9583333333333334,0.7793720960617065
0,0.9786096256684492,0.953125,0.7981546521186829
0,0.978494623655914,0.9479166666666666,0.8043088316917419
0,0.9783783783783784,0.9427083333333334,0.8109926581382751
0,0.9782608695652174,0.9375,0.8375193476676941
0,0.9781420765027322,0.9322916666666666,0.8475752472877502
0,0.978021978021978,0.9270833333333334,0.8560413718223572
0,0.9834254143646409,0.9270833333333334,0.8578327894210815
0,0.9888888888888889,0.9270833333333334,0.8698946237564087
0,0.9888268156424581,0.921875,0.8745087385177612
0,0.9887640449438202,0.9166666666666666,0.8798865675926208
0,0.9943502824858758,0.9166666666666666,0.8835558295249939
0,1.0,0.9166666666666666,0.9086798429489136
0,1.0,0.9114583333333334,0.9088563919067383
0,1.0,0.90625,0.9118680357933044
0,1.0,0.9010416666666666,0.9174585342407227
0,1.0,0.8958333333333334,0.940379798412323
0,1.0,0.890625,0.9443070292472839
0,1.0,0.8854166666666666,0.9446203112602234
0,1.0,0.8802083333333334,0.9454923868179321
0,1.0,0.875,0.9456225037574768
0,1.0,0.8697916666666666,0.9473518133163452
0,1.0,0.8645833333333334,0.9522901773452759
0,1.0,0.859375,0.9561782479286194
0,1.0,0.8541666666666666,0.9587469100952148
0,1.0,0.8489583333333334,0.960884153842926
0,1.0,0.84375,0.9615042209625244
0,1.0,0.8385416666666666,0.9668169021606445
0,1.0,0.8333333333333334,0.969196081161499
0,1.0,0.828125,0.9732702970504761
0,1.0,0.8229166666666666,0.9738537669181824
0,1.0,0.8177083333333334,0.9747373461723328
0,1.0,0.8125,0.9755242466926575
0,1.0,0.8072916666666666,0.9771683216094971
0,1.0,0.8020833333333334,0.9799880981445312
0,1.0,0.796875,0.9819378852844238
0,1.0,0.7916666666666666,0.9821757674217224
0,1.0,0.7864583333333334,0.9836498498916626
0,1.0,0.78125,0.9843502044677734
0,1.0,0.7760416666666666,0.9846411347389221
0,1.0,0.7708333333333334,0.984670877456665
0,1.0,0.765625,0.9850652813911438
0,1.0,0.7604166666666666,0.9864372611045837
0,1.0,0.7552083333333334,0.9865285158157349
0,1.0,0.75,0.9882069230079651
0,1.0,0.7447916666666666,0.9884029030799866
0,1.0,0.7395833333333334,0.9884963035583496
0,1.0,0.734375,0.9890163540840149
0,1.0,0.7291666666666666,0.9894940257072449
0,1.0,0.7239583333333334,0.9898749589920044
0,1.0,0.71875,0.9899528622627258
0,1.0,0.7135416666666666,0.9901126623153687
0,1.0,0.7083333333333334,0.9905076026916504
0,1.0,0.703125,0.9908977150917053
0,1.0,0.6979166666666666,0.991016149520874
0,1.0,0.6927083333333334,0.9910526871681213
0,1.0,0.6875,0.99125075340271
0,1.0,0.6822916666666666,0.9915019273757935
0,1.0,0.6770833333333334,0.991764485836029
0,1.0,0.671875,0.9919628500938416
0,1.0,0.6666666666666666,0.9922040700912476
0,1.0,0.6614583333333334,0.9924404621124268
0,1.0,0.65625,0.9930757284164429
0,1.0,0.6510416666666666,0.9930781722068787
0,1.0,0.6458333333333334,0.9933843016624451
0,1.0,0.640625,0.9934288859367371
0,1.0,0.6302083333333334,0.9935299754142761
0,1.0,0.625,0.9936821460723877
0,1.0,0.6197916666666666,0.9938442707061768
0,1.0,0.6145833333333334,0.9938994646072388
0,1.0,0.609375,0.9945153594017029
0,1.0,0.6041666666666666,0.9949329495429993
0,1.0,0.5989583333333334,0.9953956007957458
0,1.0,0.59375,0.9954800605773926
0,1.0,0.5885416666666666,0.9958276152610779
0,1.0,0.5833333333333334,0.9958806037902832
0,1.0,0.578125,0.9960681200027466
0,1.0,0.5729166666666666,0.9961627721786499
0,1.0,0.5677083333333334,0.9962279796600342
0,1.0,0.5625,0.9964154958724976
0,1.0,0.5572916666666666,0.9964290261268616
0,1.0,0.5520833333333334,0.9965930581092834
0,1.0,0.546875,0.9966443777084351
0,1.0,0.5416666666666666,0.996683657169342
0,1.0,0.5364583333333334,0.9966997504234314
0,1.0,0.53125,0.9970636963844299
0,1.0,0.5260416666666666,0.9971160888671875
0,1.0,0.5208333333333334,0.9971839785575867
0,1.0,0.515625,0.9972249269485474
0,1.0,0.5104166666666666,0.9973090887069702
0,1.0,0.5052083333333334,0.9973130822181702
0,1.0,0.5,0.9974799752235413
0,1.0,0.4947916666666667,0.9976429343223572
0,1.0,0.4895833333333333,0.9977211356163025
0,1.0,0.484375,0.997724711894989
0,1.0,0.4791666666666667,0.9977455735206604
0,1.0,0.46875,0.9979731440544128
0,1.0,0.4635416666666667,0.9980155229568481
0,1.0,0.4583333333333333,0.9980257749557495
0,1.0,0.453125,0.9980403780937195
0,1.0,0.4427083333333333,0.9981769323348999
0,1.0,0.4375,0.9982398748397827
0,1.0,0.4322916666666667,0.9982659220695496
0,1.0,0.4270833333333333,0.9982755184173584
0,1.0,0.421875,0.9983986020088196
0,1.0,0.4166666666666667,0.9984626770019531
0,1.0,0.4114583333333333,0.9984703660011292
0,1.0,0.40625,0.9984959363937378
0,1.0,0.4010416666666667,0.9985124468803406
0,1.0,0.3958333333333333,0.998528242111206
0,1.0,0.390625,0.9985438585281372
0,1.0,0.3854166666666667,0.9986228942871094
0,1.0,0.3802083333333333,0.9986299276351929
0,1.0,0.375,0.9986398816108704
0,1.0,0.3697916666666667,0.9987001419067383
0,1.0,0.3645833333333333,0.9987418055534363
0,1.0,0.359375,0.998791515827179
0,1.0,0.3541666666666667,0.9988062381744385
0,1.0,0.3489583333333333,0.9988901019096375
0,1.0,0.34375,0.9989171028137207
0,1.0,0.3385416666666667,0.9989182949066162
0,1.0,0.3333333333333333,0.9989342093467712
0,1.0,0.328125,0.9989863038063049
0,1.0,0.3229166666666667,0.9989884495735168
0,1.0,0.3177083333333333,0.9989898800849915
0,1.0,0.3020833333333333,0.9990233182907104
0,1.0,0.296875,0.9990503191947937
0,1.0,0.2916666666666667,0.9990507960319519
0,1.0,0.2864583333333333,0.9991040825843811
0,1.0,0.28125,0.9991078972816467
0,1.0,0.2760416666666667,0.9991384744644165
0,1.0,0.2708333333333333,0.9991883635520935
0,1.0,0.265625,0.9992514252662659
0,1.0,0.2604166666666667,0.9992517828941345
0,1.0,0.2552083333333333,0.999264657497406
0,1.0,0.25,0.9993057250976562
0,1.0,0.24479166666666666,0.9993196725845337
0,1.0,0.23958333333333334,0.9993390440940857
0,1.0,0.234375,0.9993488192558289
0,1.0,0.22916666666666666,0.9993897676467896
0,1.0,0.22395833333333334,0.9994664788246155
0,1.0,0.21875,0.9994834661483765
0,1.0,0.20833333333333334,0.9995349645614624
0,1.0,0.203125,0.9995598196983337
0,1.0,0.19791666666666666,0.999584972858429
0,1.0,0.19270833333333334,0.9996092915534973
0,1.0,0.1875,0.9996102452278137
0,1.0,0.18229166666666666,0.9996104836463928
0,1.0,0.171875,0.9996199607849121
0,1.0,0.16666666666666666,0.9996297359466553
0,1.0,0.16145833333333334,0.9996310472488403
0,1.0,0.15625,0.9996325969696045
0,1.0,0.15104166666666666,0.9996367692947388
0,1.0,0.14583333333333334,0.9996563196182251
0,1.0,0.140625,0.9996973276138306
0,1.0,0.13541666666666666,0.9997244477272034
0,1.0,0.13020833333333334,0.9997314810752869
0,1.0,0.125,0.999755322933197
0,1.0,0.11979166666666667,0.9997765421867371
0,1.0,0.11458333333333333,0.9997838139533997
0,1.0,0.109375,0.9997991919517517
0,1.0,0.10416666666666667,0.9998049139976501
0,1.0,0.09895833333333333,0.9998051524162292
0,1.0,0.08854166666666667,0.9998125433921814
0,1.0,0.08333333333333333,0.9998132586479187
0,1.0,0.07291666666666667,0.9998273253440857
0,1.0,0.06770833333333333,0.9998533725738525
0,1.0,0.0625,0.9998723268508911
0,1.0,0.057291666666666664,0.9998865127563477
0,1.0,0.052083333333333336,0.9999043941497803
0,1.0,0.046875,0.99991774559021
0,1.0,0.041666666666666664,0.9999234676361084
0,1.0,0.036458333333333336,0.9999290704727173
0,1.0,0.03125,0.9999303817749023
0,1.0,0.026041666666666668,0.9999346733093262
0,1.0,0.020833333333333332,0.9999370574951172
0,1.0,0.015625,0.9999426603317261
0,1.0,0.010416666666666666,0.9999469518661499
0,1.0,0.005208333333333333,0.9999951124191284
0,1.0,0.0,
1,0.7868852459016393,1.0,0.010062802582979202
1,0.7860082304526749,0.9947916666666666,0.010281054303050041
1,0.7892561983471075,0.9947916666666666,0.010402943938970566
1,0.7925311203319502,0.9947916666666666,0.010829638689756393
1,0.7958333333333333,0.9947916666666666,0.01082973275333643
1,0.799163179916318,0.9947916666666666,0.011402049101889133
1,0.8025210084033614,0.9947916666666666,0.013888822868466377
1,0.8059071729957806,0.9947916666666666,0.01426570862531662
1,0.809322033898305,0.9947916666666666,0.014726128429174423
1,0.8127659574468085,0.9947916666666666,0.015585018321871758
1,0.8162393162393162,0.9947916666666666,0.016551651060581207
1,0.8197424892703863,0.9947916666666666,0.016838835552334785
1,0.8232758620689655,0.9947916666666666,0.02101307176053524
1,0.8268398268398268,0.9947916666666666,0.02407413348555565
1,0.8304347826086956,0.9947916666666666,0.02450748160481453
1,0.834061135371179,0.9947916666666666,0.02503538317978382
1,0.8377192982456141,0.9947916666666666,0.02528357319533825
1,0.8370044052863436,0.9895833333333334,0.026263684034347534
1,0.8407079646017699,0.9895833333333334,0.028101133182644844
1,0.8444444444444444,0.9895833333333334,0.03014916367828846
1,0.8482142857142857,0.9895833333333334,0.03074697032570839
1,0.852017937219731,0.9895833333333334,0.03190317377448082
1,0.8558558558558559,0.9895833333333334,0.03320605307817459
1,0.8597285067873304,0.9895833333333334,0.041344914585351944
1,0.8636363636363636,0.9895833333333334,0.041873734444379807
1,0.867579908675799,0.9895833333333334,0.042030222713947296
1,0.8715596330275229,0.9895833333333334,0.054254449903964996
1,0.8755760368663594,0.9895833333333334,0.05531550571322441
1,0.8796296296296297,0.9895833333333334,0.05966613069176674
1,0.8837209302325582,0.9895833333333334,0.06658537685871124
1,0.8878504672897196,0.9895833333333334,0.06680380553007126
1,0.892018779342723,0.9895833333333334,0.0689188539981842
1,0.8962264150943396,0.9895833333333334,0.0689886286854744
1,0.9004739336492891,0.9895833333333334,0.07654459774494171
1,0.9047619047619048,0.9895833333333334,0.0804290696978569
1,0.9090909090909091,0.9895833333333334,0.08439357578754425
1,0.9134615384615384,0.9895833333333334,0.08751192688941956
1,0.9178743961352657,0.9895833333333334,0.09237594157457352
1,0.9223300970873787,0.9895833333333334,0.09632356464862823
1,0.926829268292683,0.9895833333333334,0.09894084185361862
1,0.9313725490196079,0.9895833333333334,0.10336591303348541
1,0.9359605911330049,0.9895833333333334,0.13498644530773163
1,0.9405940594059405,0.9895833333333334,0.13576163351535797
1,0.945273631840796,0.9895833333333334,0.16363689303398132
1,0.945,0.984375,0.17587074637413025
1,0.949748743718593,0.984375,0.21953807771205902
1,0.9545454545454546,0.984375,0.2277517318725586
1,0.9593908629441624,0.984375,0.2543351352214813
1,0.9642857142857143,0.984375,0.29351896047592163
1,0.9641025641025641,0.9791666666666666,0.3889601230621338
1,0.9690721649484536,0.9791666666666666,0.42972344160079956
1,0.9740932642487047,0.9791666666666666,0.5569908618927002
1,0.9791666666666666,0.9791666666666666,0.5784052610397339
1,0.9790575916230366,0.9739583333333334,0.6100934743881226
1,0.9842105263157894,0.9739583333333334,0.6372998952865601
1,0.9841269841269841,0.96875,0.6383192539215088
1,0.9840425531914894,0.9635416666666666,0.7060343027114868
1,0.983957219251337,0.9583333333333334,0.7486552000045776
1,0.9838709677419355,0.953125,0.7521114945411682
1,0.9836956521739131,0.9427083333333334,0.7766693830490112
1,0.9836065573770492,0.9375,0.8003089427947998
1,0.9835164835164835,0.9322916666666666,0.809927225112915
1,0.9834254143646409,0.9270833333333334,0.8127985596656799
1,0.9833333333333333,0.921875,0.8488169312477112
1,0.9831460674157303,0.9114583333333334,0.8560939431190491
1,0.9830508474576272,0.90625,0.8623112440109253
1,0.9829545454545454,0.9010416666666666,0.8825138807296753
1,0.9828571428571429,0.8958333333333334,0.8904008269309998
1,0.9827586206896551,0.890625,0.9015802145004272
1,0.9826589595375722,0.8854166666666666,0.9153525829315186
1,0.9825581395348837,0.8802083333333334,0.9204733967781067
1,0.9824561403508771,0.875,0.924492597579956
1,0.9823529411764705,0.8697916666666666,0.9276636242866516
1,0.9881656804733728,0.8697916666666666,0.9294258952140808
1,0.9880952380952381,0.8645833333333334,0.9329671263694763
1,0.9880239520958084,0.859375,0.9339919090270996
1,0.9879518072289156,0.8541666666666666,0.9398230910301208
1,0.9878787878787879,0.8489583333333334,0.9436997175216675
1,0.9878048780487805,0.84375,0.9449493288993835
1,0.9877300613496932,0.8385416666666666,0.950819730758667
1,0.9876543209876543,0.8333333333333334,0.9517122507095337
1,0.9875776397515528,0.828125,0.9517366886138916
1,0.9875,0.8229166666666666,0.9526215195655823
1,0.9874213836477987,0.8177083333333334,0.9530505537986755
1,0.9873417721518988,0.8125,0.953890860080719
1,0.9872611464968153,0.8072916666666666,0.9551329612731934
1,0.9871794871794872,0.8020833333333334,0.9577237963676453
1,0.9870967741935484,0.796875,0.9578691720962524
1,0.987012987012987,0.7916666666666666,0.9580295085906982
1,0.9869281045751634,0.7864583333333334,0.9589114189147949
1,0.9868421052631579,0.78125,0.9618476629257202
1,0.9867549668874173,0.7760416666666666,0.9634525775909424
1,0.9866666666666667,0.7708333333333334,0.9637084603309631
1,0.9865771812080537,0.765625,0.9641786813735962
1,0.9864864864864865,0.7604166666666666,0.9642232060432434
1,0.9863945578231292,0.7552083333333334,0.9652727246284485
1,0.9863013698630136,0.75,0.9661805033683777
1,0.9862068965517241,0.7447916666666666,0.9701180458068848
1,0.9861111111111112,0.7395833333333334,0.9709292054176331
1,0.986013986013986,0.734375,0.9724968671798706
1,0.9859154929577465,0.7291666666666666,0.9728236794471741
1,0.9858156028368794,0.7239583333333334,0.9730708003044128
1,0.9928571428571429,0.7239583333333334,0.9731205701828003
1,0.9928057553956835,0.71875,0.9732213020324707
1,0.9927536231884058,0.7135416666666666,0.9732959270477295
1,0.9927007299270073,0.7083333333333334,0.9748289585113525
1,0.9926470588235294,0.703125,0.975765585899353
1,0.9925925925925926,0.6979166666666666,0.9759721159934998
1,0.9925373134328358,0.6927083333333334,0.9760465621948242
1,0.9924812030075187,0.6875,0.9766851663589478
1,0.9924242424242424,0.6822916666666666,0.9767956733703613
1,0.9923664122137404,0.6770833333333334,0.976885974407196
1,0.9923076923076923,0.671875,0.9770926237106323
1,0.9922480620155039,0.6666666666666666,0.9771066308021545
1,0.9921875,0.6614583333333334,0.9775610566139221
1,0.9921259842519685,0.65625,0.9778429865837097
1,0.9920634920634921,0.6510416666666666,0.9782680869102478
1,0.992,0.6458333333333334,0.9783475399017334
1,0.9919354838709677,0.640625,0.9794840812683105
1,0.9918032786885246,0.6302083333333334,0.9803962707519531
1,0.9917355371900827,0.625,0.9804121255874634
1,0.9916666666666667,0.6197916666666666,0.9809257388114929
1,0.9915966386554622,0.6145833333333334,0.9809880256652832
1,0.9915254237288136,0.609375,0.9812306761741638
1,0.9914529914529915,0.6041666666666666,0.9814165830612183
1,0.9913793103448276,0.5989583333333334,0.9821596741676331
1,0.991304347826087,0.59375,0.9824643731117249
1,0.9912280701754386,0.5885416666666666,0.9829225540161133
1,0.9911504424778761,0.5833333333333334,0.9831796884536743
1,0.9910714285714286,0.578125,0.9834085702896118
1,0.990990990990991,0.5729166666666666,0.9834888577461243
1,0.990909090909091,0.5677083333333334,0.983523428440094
1,0.9908256880733946,0.5625,0.9838665723800659
1,0.9907407407407407,0.5572916666666666,0.984320878982544
1,0.9905660377358491,0.546875,0.9846177101135254
1,0.9904761904761905,0.5416666666666666,0.985040545463562
1,0.9903846153846154,0.5364583333333334,0.9850858449935913
1,0.9902912621359223,0.53125,0.9854110479354858
1,0.9901960784313726,0.5260416666666666,0.9856038093566895
1,0.9900990099009901,0.5208333333333334,0.9858207702636719
1,0.99,0.515625,0.9858741760253906
1,0.98989898989899,0.5104166666666666,0.9860061407089233
1,0.9897959183673469,0.5052083333333334,0.9860371947288513
1,0.9896907216494846,0.5,0.9864051938056946
1,0.9895833333333334,0.4947916666666667,0.9864263534545898
1,0.9894736842105263,0.4895833333333333,0.9865508079528809
1,0.9893617021276596,0.484375,0.9865822792053223
1,0.989247311827957,0.4791666666666667,0.9866665005683899
1,0.9891304347826086,0.4739583333333333,0.9869333505630493
1,0.989010989010989,0.46875,0.9871466159820557
1,0.9888888888888889,0.4635416666666667,0.987558126449585
1,0.9886363636363636,0.453125,0.9875719547271729
1,0.9885057471264368,0.4479166666666667,0.9876967072486877
1,1.0,0.4479166666666667,0.987958550453186
1,1.0,0.4427083333333333,0.9879695177078247
1,1.0,0.4375,0.9880288243293762
1,1.0,0.4322916666666667,0.9886673092842102
1,1.0,0.4270833333333333,0.9889504313468933
1,1.0,0.421875,0.9891323447227478
1,1.0,0.4166666666666667,0.9893726706504822
1,1.0,0.4114583333333333,0.9898818135261536
1,1.0,0.40625,0.9898896217346191
1,1.0,0.4010416666666667,0.9905558228492737
1,1.0,0.3958333333333333,0.9906324148178101
1,1.0,0.390625,0.990868330001831
1,1.0,0.3802083333333333,0.990915834903717
1,1.0,0.375,0.9909296631813049
1,1.0,0.3697916666666667,0.9914805889129639
1,1.0,0.3645833333333333,0.9917029738426208
1,1.0,0.359375,0.9917410612106323
1,1.0,0.3541666666666667,0.9920042157173157
1,1.0,0.3489583333333333,0.9921343326568604
1,1.0,0.34375,0.9921367168426514
1,1.0,0.3385416666666667,0.9921475052833557
1,1.0,0.3333333333333333,0.9922211766242981
1,1.0,0.328125,0.9923668503761292
1,1.0,0.3229166666666667,0.9925212264060974
1,1.0,0.3177083333333333,0.9932208061218262
1,1.0,0.3125,0.9932327270507812
1,1.0,0.3072916666666667,0.9935762286186218
1,1.0,0.3020833333333333,0.9936544895172119
1,1.0,0.296875,0.9937787652015686
1,1.0,0.2916666666666667,0.9937829375267029
1,1.0,0.2864583333333333,0.9937852621078491
1,1.0,0.28125,0.9939804077148438
1,1.0,0.2760416666666667,0.9940764904022217
1,1.0,0.2708333333333333,0.9941701889038086
1,1.0,0.265625,0.9941709637641907
1,1.0,0.2604166666666667,0.994516909122467
1,1.0,0.2552083333333333,0.9945584535598755
1,1.0,0.25,0.9946422576904297
1,1.0,0.24479166666666666,0.9946585297584534
1,1.0,0.23958333333333334,0.9946960210800171
1,1.0,0.234375,0.9950345754623413
1,1.0,0.22916666666666666,0.9950743317604065
1,1.0,0.21875,0.995211660861969
1,1.0,0.21354166666666666,0.9953551292419434
1,1.0,0.20833333333333334,0.9954375624656677
1,1.0,0.203125,0.9954597353935242
1,1.0,0.19791666666666666,0.9955013394355774
1,1.0,0.19270833333333334,0.9955223798751831
1,1.0,0.1875,0.9955311417579651
1,1.0,0.18229166666666666,0.9956701993942261
1,1.0,0.17708333333333334,0.9957767128944397
1,1.0,0.171875,0.995945155620575
1,1.0,0.16666666666666666,0.9959636926651001
1,1.0,0.16145833333333334,0.9960261583328247
1,1.0,0.15625,0.9960429668426514
1,1.0,0.15104166666666666,0.9962611794471741
1,1.0,0.14583333333333334,0.9963254332542419
1,1.0,0.140625,0.9963704347610474
1,1.0,0.13541666666666666,0.9964638352394104
1,1.0,0.13020833333333334,0.9965665340423584
1,1.0,0.125,0.9966226816177368
1,1.0,0.11979166666666667,0.99662846326828
1,1.0,0.109375,0.9966480135917664
1,1.0,0.10416666666666667,0.9971079230308533
1,1.0,0.09895833333333333,0.9972545504570007
1,1.0,0.09375,0.9972600936889648
1,1.0,0.08854166666666667,0.9973918199539185
1,1.0,0.08333333333333333,0.9974662065505981
1,1.0,0.078125,0.997514009475708
1,1.0,0.07291666666666667,0.9975146055221558
1,1.0,0.06770833333333333,0.9975308775901794
1,1.0,0.0625,0.9981541037559509
1,1.0,0.057291666666666664,0.9981639981269836
1,1.0,0.046875,0.99853515625
1,1.0,0.041666666666666664,0.9989351630210876
1,1.0,0.036458333333333336,0.9989573955535889
1,1.0,0.03125,0.9990792274475098
1,1.0,0.026041666666666668,0.9991912245750427
1,1.0,0.020833333333333332,0.9991980195045471
1,1.0,0.010416666666666666,0.9994138479232788
1,1.0,0.005208333333333333,0.9995809197425842
1,1.0,0.0,
2,0.740608228980322,1.0,0.012295478023588657
2,0.7401433691756273,0.9975845410628019,0.012404718436300755
2,0.7414721723518851,0.9975845410628019,0.012441105209290981
2,0.7441441441441441,0.9975845410628019,0.012648945674300194
2,0.7454873646209387,0.9975845410628019,0.012846321798861027
2,0.7468354430379747,0.9975845410628019,0.013065194711089134
2,0.7481884057971014,0.9975845410628019,0.013120751827955246
2,0.7495462794918331,0.9975845410628019,0.013136538676917553
2,0.7509090909090909,0.9975845410628019,0.01333348173648119
2,0.7522768670309654,0.9975845410628019,0.013434861786663532
2,0.7536496350364964,0.9975845410628019,0.013471385464072227
2,0.7550274223034735,0.9975845410628019,0.013558583334088326
2,0.7564102564102564,0.9975845410628019,0.013561067171394825
2,0.7577981651376147,0.9975845410628019,0.013591855764389038
2,0.7591911764705882,0.9975845410628019,0.013820897787809372
2,0.7605893186003683,0.9975845410628019,0.013993638567626476
2,0.7619926199261993,0.9975845410628019,0.014023432508111
2,0.7634011090573013,0.9975845410628019,0.014178087003529072
2,0.7648148148148148,0.9975845410628019,0.014252346940338612
2,0.7662337662337663,0.9975845410628019,0.014392754063010216
2,0.7676579925650557,0.9975845410628019,0.014458106830716133
2,0.7690875232774674,0.9975845410628019,0.014586434699594975
2,0.7705223880597015,0.9975845410628019,0.014913362450897694
2,0.77196261682243,0.9975845410628019,0.014953086152672768
2,0.7734082397003745,0.9975845410628019,0.015281261876225471
2,0.774859287054409,0.9975845410628019,0.015370485372841358
2,0.7763157894736842,0.9975845410628019,0.01567870005965233
2,0.779245283018868,0.9975845410628019,0.0159908514469862
2,0.780718336483932,0.9975845410628019,0.016133317723870277
2,0.7821969696969697,0.9975845410628019,0.016231218352913857
2,0.7836812144212524,0.9975845410628019,0.01645977608859539
2,0.785171102661597,0.9975845410628019,0.016825294122099876
2,0.7866666666666666,0.9975845410628019,0.01702756993472576
2,0.7881679389312977,0.9975845410628019,0.017333298921585083
2,0.7896749521988528,0.9975845410628019,0.017535604536533356
2,0.7911877394636015,0.9975845410628019,0.017814073711633682
2,0.7927063339731286,0.9975845410628019,0.017816420644521713
2,0.7942307692307692,0.9975845410628019,0.017837481573224068
2,0.7957610789980732,0.9975845410628019,0.01858326978981495
2,0.7972972972972973,0.9975845410628019,0.018768899142742157
2,0.7988394584139265,0.9975845410628019,0.018940452486276627
2,0.8003875968992248,0.9975845410628019,0.01901068352162838
2,0.8019417475728156,0.9975845410628019,0.019392361864447594
2,0.8035019455252919,0.9975845410628019,0.019407551735639572
2,0.8050682261208577,0.9975845410628019,0.020146925002336502
2,0.8082191780821918,0.9975845410628019,0.021534975618124008
2,0.8098039215686275,0.9975845410628019,0.02159767970442772
2,0.8113948919449901,0.9975845410628019,0.02206231653690338
2,0.812992125984252,0.9975845410628019,0.022387471050024033
2,0.814595660749507,0.9975845410628019,0.022507870569825172
2,0.8162055335968379,0.9975845410628019,0.0228307843208313
2,0.8178217821782178,0.9975845410628019,0.02288679964840412
2,0.8194444444444444,0.9975845410628019,0.022903578355908394
2,0.8210735586481114,0.9975845410628019,0.02308616414666176
2,0.8227091633466136,0.9975845410628019,0.023194873705506325
2,0.8243512974051896,0.9975845410628019,0.023314902558922768
2,0.826,0.9975845410628019,0.02348325215280056
2,0.8276553106212425,0.9975845410628019,0.023952879011631012
2,0.8293172690763052,0.9975845410628019,0.02447579614818096
2,0.8309859154929577,0.9975845410628019,0.02455837093293667
2,0.8326612903225806,0.9975845410628019,0.02482064813375473
2,0.8343434343434344,0.9975845410628019,0.026136694476008415
2,0.8360323886639676,0.9975845410628019,0.026728712022304535
2,0.8377281947261663,0.9975845410628019,0.02677658200263977
2,0.8394308943089431,0.9975845410628019,0.026860903948545456
2,0.8411405295315683,0.9975845410628019,0.026918549090623856
2,0.8408163265306122,0.9951690821256038,0.02716890349984169
2,0.8425357873210634,0.9951690821256038,0.027326731011271477
2,0.8442622950819673,0.9951690821256038,0.028287038207054138
2,0.8459958932238193,0.9951690821256038,0.028649408370256424
2,0.8477366255144033,0.9951690821256038,0.029167627915740013
2,0.8494845360824742,0.9951690821256038,0.029880285263061523
2,0.8512396694214877,0.9951690821256038,0.033162444829940796
2,0.8530020703933747,0.9951690821256038,0.033633001148700714
2,0.8547717842323651,0.9951690821256038,0.033813051879405975
2,0.8565488565488566,0.9951690821256038,0.03385531157255173
2,0.8583333333333333,0.9951690821256038,0.033862996846437454
2,0.860125260960334,0.9951690821256038,0.03472720459103584
2,0.8619246861924686,0.9951690821256038,0.035284318029880524
2,0.8637316561844863,0.9951690821256038,0.03577422723174095
2,0.865546218487395,0.9951690821256038,0.03628947213292122
2,0.8673684210526316,0.9951690821256038,0.036538928747177124
2,0.869198312236287,0.9951690821256038,0.03712840378284454
2,0.8710359408033826,0.9951690821256038,0.03815198689699173
2,0.8728813559322034,0.9951690821256038,0.0384928435087204
2,0.8747346072186837,0.9951690821256038,0.040986429899930954
2,0.8765957446808511,0.9951690821256038,0.041087158024311066
2,0.8784648187633263,0.9951690821256038,0.04212388023734093
2,0.8803418803418803,0.9951690821256038,0.044448111206293106
2,0.8822269807280514,0.9951690821256038,0.04486486315727234
2,0.8841201716738197,0.9951690821256038,0.046108607202768326
2,0.886021505376344,0.9951690821256038,0.04694889858365059
2,0.8879310344827587,0.9951690821256038,0.04737633839249611
2,0.8898488120950324,0.9951690821256038,0.049171868711709976
2,0.8917748917748918,0.9951690821256038,0.050992678850889206
2,0.8937093275488069,0.9951690821256038,0.05105627328157425
2,0.8956521739130435,0.9951690821256038,0.052625346928834915
2,0.8976034858387799,0.9951690821256038,0.054377295076847076
2,0.8995633187772926,0.9951690821256038,0.05450504273176193
2,0.9015317286652079,0.9951690821256038,0.054839588701725006
2,0.9035087719298246,0.9951690821256038,0.05532357469201088
2,0.9054945054945055,0.9951690821256038,0.055388689041137695
2,0.9052863436123348,0.9927536231884058,0.05564014986157417
2,0.9072847682119205,0.9927536231884058,0.05955258011817932
2,0.9092920353982301,0.9927536231884058,0.060573168098926544
2,0.9113082039911308,0.9927536231884058,0.06304256618022919
2,0.9133333333333333,0.9927536231884058,0.0641915574669838
2,0.9153674832962138,0.9927536231884058,0.06685888022184372
2,0.9174107142857143,0.9927536231884058,0.07057313621044159
2,0.9194630872483222,0.9927536231884058,0.07544542104005814
2,0.92152466367713,0.9927536231884058,0.07730215787887573
2,0.9235955056179775,0.9927536231884058,0.07808701694011688
2,0.9256756756756757,0.9927536231884058,0.0795011818408966
2,0.927765237020316,0.9927536231884058,0.08439658582210541
2,0.9298642533936652,0.9927536231884058,0.09198569506406784
2,0.9319727891156463,0.9927536231884058,0.10235927253961563
2,0.9340909090909091,0.9927536231884058,0.1122807040810585
2,0.9339407744874715,0.9903381642512077,0.113266721367836
2,0.9337899543378996,0.9879227053140096,0.1174846813082695
2,0.9359267734553776,0.9879227053140096,0.13010424375534058
2,0.9380733944954128,0.9879227053140096,0.13768771290779114
2,0.9402298850574713,0.9879227053140096,0.13810747861862183
2,0.9400921658986175,0.9855072463768116,0.13853594660758972
2,0.9422632794457275,0.9855072463768116,0.1437285989522934
2,0.9421296296296297,0.9830917874396136,0.14389878511428833
2,0.9443155452436195,0.9830917874396136,0.15117473900318146
2,0.9487179487179487,0.9830917874396136,0.18612441420555115
2,0.9509345794392523,0.9830917874396136,0.19557081162929535
2,0.9531615925058547,0.9830917874396136,0.19905996322631836
2,0.9553990610328639,0.9830917874396136,0.2118281126022339
2,0.9576470588235294,0.9830917874396136,0.21985650062561035
2,0.9599056603773585,0.9830917874396136,0.22052833437919617
2,0.9621749408983451,0.9830917874396136,0.22332163155078888
2,0.9644549763033176,0.9830917874396136,0.2265319973230362
2,0.9667458432304038,0.9830917874396136,0.2455366849899292
2,0.969047619047619,0.9830917874396136,0.2478717863559723
2,0.9736842105263158,0.9830917874396136,0.25126075744628906
2,0.9760191846522782,0.9830917874396136,0.2935525178909302
2,0.9783653846153846,0.9830917874396136,0.32384321093559265
2,0.9783132530120482,0.9806763285024155,0.3616800606250763
2,0.9806763285024155,0.9806763285024155,0.3626997768878937
2,0.9830508474576272,0.9806763285024155,0.3891221284866333
2,0.9830097087378641,0.9782608695652174,0.42159348726272583
2,0.9854014598540146,0.9782608695652174,0.44290050864219666
2,0.9853658536585366,0.9758454106280193,0.49369287490844727
2,0.9853300733496333,0.9734299516908212,0.6141285300254822
2,0.9877450980392157,0.9734299516908212,0.6601859331130981
2,0.9901719901719902,0.9734299516908212,0.7227088212966919
2,0.9901477832512315,0.9710144927536232,0.7271620035171509
2,0.9925925925925926,0.9710144927536232,0.7401713728904724
2,0.9925742574257426,0.9685990338164251,0.7444270849227905
2,0.9925558312655087,0.966183574879227,0.772230863571167
2,0.9925373134328358,0.9637681159420289,0.797298789024353
2,0.9925187032418953,0.961352657004831,0.798617959022522
2,0.995,0.961352657004831,0.803091287612915
2,0.9949874686716792,0.9589371980676329,0.8141845464706421
2,0.9949748743718593,0.9565217391304348,0.8297422528266907
2,0.9949622166246851,0.9541062801932367,0.8309691548347473
2,0.9949494949494949,0.9516908212560387,0.836312472820282
2,0.9974683544303797,0.9516908212560387,0.841637372970581
2,0.9974619289340102,0.9492753623188406,0.8574225306510925
2,0.9974554707379135,0.9468599033816425,0.8684640526771545
2,0.9974489795918368,0.9444444444444444,0.8726097941398621
2,0.9974424552429667,0.9420289855072463,0.8956401944160461
2,0.9974358974358974,0.9396135265700483,0.9071335792541504
2,0.9974293059125964,0.9371980676328503,0.9123013019561768
2,0.9974226804123711,0.9347826086956522,0.9124876260757446
2,0.9974160206718347,0.9323671497584541,0.9189645648002625
2,0.9974093264248705,0.9299516908212561,0.9194576144218445
2,0.9974025974025974,0.927536231884058,0.9247331023216248
2,0.9973958333333334,0.9251207729468599,0.9265120625495911
2,0.9973890339425587,0.9227053140096618,0.9279673099517822
2,0.9973821989528796,0.9202898550724637,0.9309382438659668
2,0.9973753280839895,0.9178743961352657,0.9331637024879456
2,0.9973684210526316,0.9154589371980676,0.9403308629989624
2,0.9973614775725593,0.9130434782608695,0.9406160712242126
2,0.9973544973544973,0.9106280193236715,0.9436660408973694
2,1.0,0.9106280193236715,0.9451611638069153
2,1.0,0.9082125603864735,0.9486926794052124
2,1.0,0.9057971014492754,0.9537465572357178
2,1.0,0.9033816425120773,0.9585071206092834
2,1.0,0.9009661835748792,0.9623677134513855
2,1.0,0.8985507246376812,0.9678940176963806
2,1.0,0.8961352657004831,0.9696980714797974
2,1.0,0.893719806763285,0.9698318243026733
2,1.0,0.8913043478260869,0.9716362357139587
2,1.0,0.8888888888888888,0.9716942310333252
2,1.0,0.8864734299516909,0.9721363186836243
2,1.0,0.8840579710144928,0.9723584055900574
2,1.0,0.8816425120772947,0.9748063087463379
2,1.0,0.8792270531400966,0.9754617214202881
2,1.0,0.8768115942028986,0.9778822064399719
2,1.0,0.8743961352657005,0.9781977534294128
2,1.0,0.8719806763285024,0.9783589243888855
2,1.0,0.8695652173913043,0.9787417650222778
2,1.0,0.8671497584541062,0.9791710376739502
2,1.0,0.8647342995169082,0.979701042175293
2,1.0,0.8623188405797102,0.9808385372161865
2,1.0,0.8599033816425121,0.9831141233444214
2,1.0,0.857487922705314,0.983151912689209
2,1.0,0.855072463768116,0.9835968613624573
2,1.0,0.8526570048309179,0.9844331741333008
2,1.0,0.8502415458937198,0.9844825267791748
2,1.0,0.8478260869565217,0.9849420785903931
2,1.0,0.8454106280193237,0.9852375388145447
2,1.0,0.8429951690821256,0.9857274889945984
2,1.0,0.8405797101449275,0.9858514666557312
2,1.0,0.8381642512077294,0.9865080118179321
2,1.0,0.8357487922705314,0.9878303408622742
2,1.0,0.8333333333333334,0.9883988499641418
2,1.0,0.8309178743961353,0.9885962605476379
2,1.0,0.8285024154589372,0.9890590906143188
2,1.0,0.8260869565217391,0.9892526268959045
2,1.0,0.8236714975845411,0.9894282221794128
2,1.0,0.821256038647343,0.9895527362823486
2,1.0,0.8188405797101449,0.9900516867637634
2,1.0,0.8164251207729468,0.9902681708335876
2,1.0,0.8140096618357487,0.9904414415359497
2,1.0,0.8115942028985508,0.9906721711158752
2,1.0,0.8091787439613527,0.9907834529876709
2,1.0,0.8067632850241546,0.9911007285118103
2,1.0,0.8043478260869565,0.9912228584289551
2,1.0,0.8019323671497585,0.9929499626159668
2,1.0,0.7995169082125604,0.9934571385383606
2,1.0,0.7971014492753623,0.9936200976371765
2,1.0,0.7946859903381642,0.9937779903411865
2,1.0,0.7922705314009661,0.9948911666870117
2,1.0,0.7898550724637681,0.995010495185852
2,1.0,0.7874396135265701,0.9956835508346558
2,1.0,0.785024154589372,0.9957584738731384
2,1.0,0.782608695652174,0.9964235424995422
2,1.0,0.7801932367149759,0.9964836835861206
2,1.0,0.7777777777777778,0.9964906573295593
2,1.0,0.7753623188405797,0.9965831637382507
2,1.0,0.7729468599033816,0.9967684745788574
2,1.0,0.7705314009661836,0.9969083666801453
2,1.0,0.7681159420289855,0.9969282746315002
2,1.0,0.7657004830917874,0.9971477389335632
2,1.0,0.7632850241545893,0.9971491694450378
2,1.0,0.7608695652173914,0.9971823692321777
2,1.0,0.7584541062801933,0.9972099661827087
2,1.0,0.7560386473429952,0.9972150325775146
2,1.0,0.7536231884057971,0.9977120161056519
2,1.0,0.751207729468599,0.9977474808692932
2,1.0,0.748792270531401,0.9978066086769104
2,1.0,0.7463768115942029,0.9978213310241699
2,1.0,0.7439613526570048,0.997912585735321
2,1.0,0.7415458937198067,0.9979298114776611
2,1.0,0.7391304347826086,0.9979428648948669
2,1.0,0.7367149758454107,0.9979725480079651
2,1.0,0.7342995169082126,0.9980097413063049
2,1.0,0.7318840579710145,0.9980325102806091
2,1.0,0.7294685990338164,0.9980493783950806
2,1.0,0.7270531400966184,0.9980700612068176
2,1.0,0.7246376811594203,0.998102605342865
2,1.0,0.7222222222222222,0.9981290698051453
2,1.0,0.7198067632850241,0.9981935620307922
2,1.0,0.717391304347826,0.9982764720916748
2,1.0,0.714975845410628,0.9983540773391724
2,1.0,0.7125603864734299,0.9983783960342407
2,1.0,0.7101449275362319,0.9984049201011658
2,1.0,0.7077294685990339,0.9984061121940613
2,1.0,0.7053140096618358,0.9984148740768433
2,1.0,0.7028985507246377,0.9984682202339172
2,1.0,0.7004830917874396,0.9985684156417847
2,1.0,0.6980676328502415,0.9986388087272644
2,1.0,0.6956521739130435,0.9987074136734009
2,1.0,0.6932367149758454,0.998815655708313
2,1.0,0.6908212560386473,0.9988180994987488
2,1.0,0.6884057971014492,0.9988526105880737
2,1.0,0.6859903381642513,0.9989558458328247
2,1.0,0.6835748792270532,0.9989996552467346
2,1.0,0.6811594202898551,0.9990052580833435
2,1.0,0.678743961352657,0.9990556836128235
2,1.0,0.6763285024154589,0.9990788698196411
2,1.0,0.6739130434782609,0.999142050743103
2,1.0,0.6714975845410628,0.9991948008537292
2,1.0,0.6690821256038647,0.9992352724075317
2,1.0,0.6666666666666666,0.9992493987083435
2,1.0,0.6642512077294686,0.9992515444755554
2,1.0,0.6618357487922706,0.9992530941963196
2,1.0,0.6594202898550725,0.9992842078208923
2,1.0,0.6570048309178744,0.9993208646774292
2,1.0,0.6545893719806763,0.9993707537651062
2,1.0,0.6521739130434783,0.9993714690208435
2,1.0,0.6497584541062802,0.9993789196014404
2,1.0,0.6473429951690821,0.9993834495544434
2,1.0,0.644927536231884,0.9994335770606995
2,1.0,0.642512077294686,0.9994471669197083
2,1.0,0.6400966183574879,0.9994480013847351
2,1.0,0.6376811594202898,0.9994487166404724
2,1.0,0.6352657004830918,0.9994858503341675
2,1.0,0.6328502415458938,0.999503493309021
2,1.0,0.6304347826086957,0.9995132684707642
2,1.0,0.6280193236714976,0.9995613694190979
2,1.0,0.6256038647342995,0.9995717406272888
2,1.0,0.6231884057971014,0.999575674533844
2,1.0,0.6207729468599034,0.9995974898338318
2,1.0,0.6183574879227053,0.9996050000190735
2,1.0,0.6159420289855072,0.999610960483551
2,1.0,0.6135265700483091,0.9996144771575928
2,1.0,0.6111111111111112,0.9996535778045654
2,1.0,0.6086956521739131,0.9996640682220459
2,1.0,0.606280193236715,0.9996969699859619
2,1.0,0.6038647342995169,0.9997088313102722
2,1.0,0.6014492753623188,0.9997139573097229
2,1.0,0.5990338164251208,0.9997178912162781
2,1.0,0.5966183574879227,0.9997249245643616
2,1.0,0.5942028985507246,0.9997369647026062
2,1.0,0.5917874396135265,0.9997797608375549
2,1.0,0.5893719806763285,0.9997945427894592
2,1.0,0.5869565217391305,0.9998050332069397
2,1.0,0.5845410628019324,0.9998125433921814
2,1.0,0.5821256038647343,0.9998212456703186
2,1.0,0.5797101449275363,0.9998319149017334
2,1.0,0.5772946859903382,0.9998327493667603
2,1.0,0.5748792270531401,0.9998347759246826
2,1.0,0.572463768115942,0.9998410940170288
2,1.0,0.5700483091787439,0.9998443126678467
2,1.0,0.5676328502415459,0.9998447895050049
2,1.0,0.5652173913043478,0.9998493194580078
2,1.0,0.5628019323671497,0.9998512268066406
2,1.0,0.5603864734299517,0.9998555183410645
2,1.0,0.5579710144927537,0.9998563528060913
2,1.0,0.5555555555555556,0.9998573064804077
2,1.0,0.5531400966183575,0.9998583793640137
2,1.0,0.5507246376811594,0.999864935874939
2,1.0,0.5483091787439613,0.9998793601989746
2,1.0,0.5458937198067633,0.9998859167098999
2,1.0,0.5434782608695652,0.9998867511749268
2,1.0,0.5410628019323671,0.9998873472213745
2,1.0,0.538647342995169,0.999890923500061
2,1.0,0.5362318840579711,0.9998965263366699
2,1.0,0.533816425120773,0.9998972415924072
2,1.0,0.5314009661835749,0.9998983144760132
2,1.0,0.5289855072463768,0.9998984336853027
2,1.0,0.5265700483091788,0.999901533126831
2,1.0,0.5241545893719807,0.9999039173126221
2,1.0,0.5217391304347826,0.9999043941497803
2,1.0,0.5193236714975845,0.9999086856842041
2,1.0,0.5169082125603864,0.999909520149231
2,1.0,0.5144927536231884,0.9999121427536011
2,1.0,0.5120772946859904,0.9999151229858398
2,1.0,0.5096618357487923,0.9999251365661621
2,1.0,0.5072463768115942,0.9999256134033203
2,1.0,0.5048309178743962,0.9999265670776367
2,1.0,0.5024154589371981,0.9999309778213501
2,1.0,0.5,0.9999362230300903
2,1.0,0.4975845410628019,0.9999366998672485
2,1.0,0.49516908212560384,0.9999377727508545
2,1.0,0.49033816425120774,0.9999384880065918
2,1.0,0.48792270531400966,0.99993896484375
2,1.0,0.4855072463768116,0.9999420642852783
2,1.0,0.4830917874396135,0.9999425411224365
2,1.0,0.4806763285024155,0.9999427795410156
2,1.0,0.4782608695652174,0.9999434947967529
2,1.0,0.4758454106280193,0.9999444484710693
2,1.0,0.47342995169082125,0.999946117401123
2,1.0,0.46859903381642515,0.9999469518661499
2,1.0,0.4613526570048309,0.9999500513076782
2,1.0,0.45893719806763283,0.9999507665634155
2,1.0,0.45652173913043476,0.9999539852142334
2,1.0,0.45410628019323673,0.9999547004699707
2,1.0,0.45169082125603865,0.9999581575393677
2,1.0,0.4492753623188406,0.9999603033065796
2,1.0,0.4468599033816425,0.9999613761901855
2,1.0,0.4444444444444444,0.999963641166687
2,1.0,0.4420289855072464,0.9999641180038452
2,1.0,0.4396135265700483,0.9999645948410034
2,1.0,0.43719806763285024,0.9999661445617676
2,1.0,0.43478260869565216,0.9999680519104004
2,1.0,0.4323671497584541,0.9999686479568481
2,1.0,0.42995169082125606,0.9999691247940063
2,1.0,0.427536231884058,0.9999709129333496
2,1.0,0.4251207729468599,0.9999719858169556
2,1.0,0.4227053140096618,0.9999721050262451
2,1.0,0.42028985507246375,0.9999724626541138
2,1.0,0.4178743961352657,0.9999734163284302
2,1.0,0.41545893719806765,0.9999736547470093
2,1.0,0.41304347826086957,0.9999737739562988
2,1.0,0.4106280193236715,0.9999747276306152
2,1.0,0.4082125603864734,0.9999750852584839
2,1.0,0.4033816425120773,0.9999752044677734
2,1.0,0.40096618357487923,0.9999756813049316
2,1.0,0.3961352657004831,0.999976396560669
2,1.0,0.39371980676328505,0.999976634979248
2,1.0,0.391304347826087,0.9999774694442749
2,1.0,0.3864734299516908,0.9999792575836182
2,1.0,0.38405797101449274,0.9999797344207764
2,1.0,0.38164251207729466,0.9999804496765137
2,1.0,0.37922705314009664,0.9999806880950928
2,1.0,0.37681159420289856,0.9999815225601196
2,1.0,0.3743961352657005,0.9999816417694092
2,1.0,0.3719806763285024,0.9999822378158569
2,1.0,0.3695652173913043,0.9999829530715942
2,1.0,0.3671497584541063,0.9999834299087524
2,1.0,0.3647342995169082,0.999983549118042
2,1.0,0.35990338164251207,0.9999836683273315
2,1.0,0.357487922705314,0.9999839067459106
2,1.0,0.35507246376811596,0.9999842643737793
2,1.0,0.3526570048309179,0.9999845027923584
2,1.0,0.3502415458937198,0.9999847412109375
2,1.0,0.34782608695652173,0.9999855756759644
2,1.0,0.34541062801932365,0.9999860525131226
2,1.0,0.34299516908212563,0.9999861717224121
2,1.0,0.34057971014492755,0.9999867677688599
2,1.0,0.33816425120772947,0.999987006187439
2,1.0,0.3357487922705314,0.9999872446060181
2,1.0,0.3333333333333333,0.9999880790710449
2,1.0,0.3309178743961353,0.9999886751174927
2,1.0,0.3285024154589372,0.9999890327453613
2,1.0,0.32608695652173914,0.9999895095825195
2,1.0,0.32367149758454106,0.9999896287918091
2,1.0,0.321256038647343,0.9999897480010986
2,1.0,0.3188405797101449,0.9999898672103882
2,1.0,0.3164251207729469,0.9999901056289673
2,1.0,0.3140096618357488,0.9999902248382568
2,1.0,0.3115942028985507,0.999990701675415
2,1.0,0.30917874396135264,0.9999911785125732
2,1.0,0.30676328502415456,0.9999914169311523
2,1.0,0.30434782608695654,0.9999915361404419
2,1.0,0.2995169082125604,0.9999916553497314
2,1.0,0.2971014492753623,0.999991774559021
2,1.0,0.2946859903381642,0.9999921321868896
2,1.0,0.2922705314009662,0.999993085861206
2,1.0,0.2898550724637681,0.9999932050704956
2,1.0,0.2826086956521739,0.9999936819076538
2,1.0,0.2777777777777778,0.9999938011169434
2,1.0,0.2753623188405797,0.9999945163726807
2,1.0,0.26811594202898553,0.9999946355819702
2,1.0,0.26570048309178745,0.9999947547912598
2,1.0,0.2608695652173913,0.9999948740005493
2,1.0,0.2560386473429952,0.9999949932098389
2,1.0,0.2536231884057971,0.9999951124191284
2,1.0,0.24879227053140096,0.999995231628418
2,1.0,0.2463768115942029,0.9999954700469971
2,1.0,0.24396135265700483,0.9999957084655762
2,1.0,0.24154589371980675,0.9999958276748657
2,1.0,0.2391304347826087,0.9999960660934448
2,1.0,0.23429951690821257,0.9999961853027344
2,1.0,0.2318840579710145,0.9999964237213135
2,1.0,0.22946859903381642,0.999996542930603
2,1.0,0.22705314009661837,0.9999972581863403
2,1.0,0.2246376811594203,0.9999973773956299
2,1.0,0.2222222222222222,0.999997615814209
2,1.0,0.21980676328502416,0.9999978542327881
2,1.0,0.21739130434782608,0.9999980926513672
2,1.0,0.21497584541062803,0.9999984502792358
2,1.0,0.21256038647342995,0.9999985694885254
2,1.0,0.21014492753623187,0.9999986886978149
2,1.0,0.2028985507246377,0.9999988079071045
2,1.0,0.1932367149758454,0.999998927116394
2,1.0,0.1859903381642512,0.9999990463256836
2,1.0,0.18115942028985507,0.9999991655349731
2,1.0,0.16908212560386474,0.9999992847442627
2,1.0,0.1642512077294686,0.9999994039535522
2,1.0,0.1497584541062802,0.9999995231628418
2,1.0,0.13043478260869565,0.9999996423721313
2,1.0,0.12560386473429952,0.9999997615814209
2,1.0,0.10386473429951691,0.9999998807907104
2,1.0,0.06280193236714976,1.0
2,1.0,0.0,
