,train,0_prob,1_prob,2_prob
1732,2,0.25052086,0.0769395,0.67253965
577,0,0.41143888,0.16401933,0.42454174
1087,1,0.13832615,0.30567524,0.55599856
1827,2,0.3024334,0.21258506,0.48498157
1468,1,0.30524838,0.13932359,0.555428
2861,2,0.20448859,0.1490396,0.6464718
2444,2,0.32905945,0.19407575,0.47686476
2426,2,0.1628624,0.30612376,0.53101385
1721,2,0.09565118,0.4069015,0.49744725
2009,2,0.41473064,0.15539531,0.429874
195,0,0.40442312,0.16794185,0.4276351
2823,2,0.28295687,0.009981152,0.70706195
2814,2,0.1814856,0.27012262,0.54839176
1854,2,0.35776523,0.10173331,0.5405015
1049,1,0.12314315,0.39398083,0.482876
296,0,0.2242361,0.10321991,0.672544
755,0,0.26057065,0.3056863,0.43374306
1493,1,0.19301763,0.31549057,0.4914918
2456,2,0.4917752,0.027836626,0.48038813
2285,2,0.37765542,0.17130959,0.45103496
1475,1,0.17991878,0.34681362,0.4732676
384,0,0.4787444,0.1235889,0.39766672
3018,2,0.26135957,0.2348304,0.50381
2776,2,0.11140903,0.3821793,0.5064117
1071,1,0.13245237,0.38398868,0.48355904
2922,2,0.36828068,0.08870847,0.5430109
3128,2,0.37306985,0.048744943,0.57818526
2529,2,0.302004,0.011332072,0.6866639
1717,2,0.08086222,0.43218836,0.48694938
3175,2,0.34113097,0.2003063,0.45856273
1683,2,0.16296162,0.36754534,0.469493
2557,2,0.14506242,0.32098737,0.5339502
685,0,0.46149153,0.13179092,0.4067175
2308,2,0.21949239,0.21402319,0.56648433
2680,2,0.24085872,0.20353197,0.5556093
461,0,0.47312403,0.121342525,0.40553343
2663,2,0.3449544,0.15888406,0.49616158
1713,2,0.10297095,0.3905664,0.5064627
422,0,0.3771659,0.076038994,0.54679507
1685,2,0.3860303,0.15575561,0.4582141
1257,1,0.38534442,0.17635429,0.4383013
1270,1,0.15852016,0.36509326,0.4763866
1116,1,0.062920645,0.46764556,0.46943384
39,0,0.3411137,0.16755967,0.49132663
1332,1,0.36916366,0.2000265,0.4308098
2527,2,0.18884867,0.3071419,0.5040094
2380,2,0.15386939,0.37974674,0.46638393
3049,2,0.31628567,0.036144815,0.6475695
3129,2,0.24541843,0.22639164,0.52818996
2753,2,0.40243587,0.072116554,0.52544755
2629,2,0.35454756,0.122043855,0.5234086
269,0,0.27686015,0.29380295,0.42933688
3061,2,0.40973523,0.07259159,0.51767325
1009,1,0.20155348,0.23485848,0.563588
557,0,0.3909097,0.16154191,0.4475484
1412,1,0.03464045,0.52200747,0.4433521
2932,2,0.105902635,0.38381246,0.51028496
1536,2,0.33275372,0.19507477,0.4721715
1454,1,0.19042417,0.34418032,0.4653955
1752,2,0.27069607,0.20562302,0.523681
1532,1,0.2908161,0.20773014,0.5014538
2845,2,0.38532764,0.12592226,0.48875013
951,1,0.12048092,0.36843693,0.5110822
1019,1,0.1248763,0.22567438,0.6494493
421,0,0.28201625,0.18698165,0.53100204
700,0,0.3946417,0.17387345,0.43148488
103,0,0.2919215,0.24907583,0.45900267
965,1,0.28933468,0.18830378,0.5223616
707,0,0.19227627,0.27865395,0.5290698
2912,2,0.1589736,0.33291036,0.50811607
660,0,0.15690771,0.2651531,0.5779392
1666,2,0.38032153,0.19605936,0.42361906
1998,2,0.31925863,0.08275606,0.59798527
55,0,0.30238315,0.037818424,0.65979844
831,1,0.102440774,0.2544395,0.64311975
2974,2,0.37454152,0.11736898,0.5080895
1727,2,0.31975698,0.119973995,0.560269
2050,2,0.18508601,0.29768774,0.5172262
730,0,0.41311088,0.046659566,0.54022956
1421,1,0.35473388,0.19862546,0.4466407
489,0,0.18458518,0.33846757,0.4769472
2792,2,0.13171798,0.38339955,0.48488244
146,0,0.36366156,0.19629738,0.4400411
2933,2,0.10251073,0.35546282,0.5420264
2078,2,0.40217036,0.15018713,0.44764248
1975,2,0.04401176,0.49763715,0.4583511
2600,2,0.39725757,0.08454325,0.5181992
2058,2,0.19766612,0.3305602,0.47177368
924,1,0.1546799,0.33538875,0.5099313
408,0,0.14621642,0.3628539,0.49092963
1818,2,0.25662774,0.26307303,0.48029926
1630,2,0.107939444,0.22291477,0.66914576
373,0,0.4371226,0.016910424,0.545967
3160,2,0.15430084,0.31655627,0.5291428
999,1,0.07106711,0.4514918,0.477441
2959,2,0.38469362,0.05137629,0.56393003
1661,2,0.14077172,0.2129284,0.6462999
681,0,0.4188824,0.14744693,0.43367073
2811,2,0.22759378,0.10792924,0.664477
2925,2,0.284012,0.044127755,0.6718603
544,0,0.49411127,0.09718614,0.4087026
375,0,0.32276085,0.14660795,0.5306312
789,1,0.1083538,0.419038,0.47260818
832,1,0.1390423,0.2440717,0.61688596
743,0,0.3818936,0.12739672,0.49070966
3010,2,0.2994497,0.25843543,0.44211486
344,0,0.38004205,0.044945102,0.5750129
1040,1,0.17371267,0.35407934,0.47220805
2647,2,0.41780522,0.16382366,0.41837108
204,0,0.32058853,0.17783943,0.5015721
377,0,0.54412425,0.08809963,0.36777616
1684,2,0.2300198,0.20056969,0.56941056
366,0,0.21277544,0.106968656,0.6802559
50,0,0.46432954,0.14078067,0.3948898
2123,2,0.20535438,0.32182598,0.4728197
1682,2,0.1801613,0.16967711,0.6501616
1893,2,0.15374069,0.24094371,0.60531557
1817,2,0.119375415,0.3812444,0.49938017
3072,2,0.14454359,0.24339525,0.61206114
2416,2,0.14997713,0.14706025,0.70296264
1793,2,0.40428662,0.06910969,0.52660376
782,1,0.14745821,0.36364362,0.4888982
2944,2,0.12775983,0.1998018,0.6724384
2385,2,0.33153513,0.16962841,0.49883643
1965,2,0.20695,0.21481013,0.57823986
128,0,0.42299977,0.16207443,0.4149258
2971,2,0.35323203,0.14317513,0.5035929
941,1,0.37780592,0.16071045,0.46148366
615,0,0.1302194,0.37655398,0.49322662
2881,2,0.3577493,0.014057055,0.6281937
2407,2,0.14532836,0.2550679,0.5996037
2006,2,0.16524988,0.24650681,0.5882433
167,0,0.40492976,0.13591188,0.45915845
1376,1,0.37107983,0.17267852,0.45624167
2318,2,0.33525884,0.17774184,0.4869993
2780,2,0.3013336,0.13434917,0.5643172
2623,2,0.09289985,0.42013103,0.4869691
476,0,0.37180978,0.099018686,0.52917147
282,0,0.43704188,0.05576503,0.5071931
2695,2,0.2448681,0.016056351,0.73907554
854,1,0.121344686,0.39314583,0.4855095
850,1,0.094281875,0.39344543,0.5122727
2836,2,0.18305302,0.30629316,0.5106538
2898,2,0.22298805,0.24397871,0.53303325
1228,1,0.23404293,0.23754199,0.5284151
2145,2,0.35349274,0.198795,0.44771224
1664,2,0.20730497,0.23987713,0.55281794
379,0,0.20872669,0.026763713,0.7645096
636,0,0.19651529,0.24516447,0.5583202
2783,2,0.33807892,0.1599231,0.501998
2865,2,0.2384452,0.24833857,0.51321626
1396,1,0.36461923,0.16263051,0.4727503
2508,2,0.1659591,0.22106697,0.6129739
2578,2,0.32060865,0.15785864,0.5215327
1824,2,0.330592,0.21030085,0.4591072
661,0,0.25771418,0.12051091,0.62177485
1794,2,0.12603073,0.3801595,0.49380976
27,0,0.41942602,0.12468286,0.4558911
1819,2,0.22370405,0.040780008,0.73551595
2658,2,0.28610513,0.033544645,0.68035024
2010,2,0.28878862,0.13993336,0.57127804
2474,2,0.34307945,0.14650075,0.51041985
266,0,0.19422854,0.23427075,0.5715007
1485,1,0.12716615,0.3093915,0.56344235
1878,2,0.2646551,0.1355299,0.59981495
766,0,0.37293437,0.20902552,0.41804013
2781,2,0.42877308,0.1465515,0.4246754
1050,1,0.1058715,0.3933673,0.5007612
1420,1,0.12143167,0.39077625,0.48779207
2538,2,0.33421907,0.1964908,0.46929014
3050,2,0.26670542,0.26844984,0.46484476
59,0,0.19997302,0.27259347,0.5274336
918,1,0.34767824,0.18634802,0.4659737
3179,2,0.07542368,0.17494953,0.7496268
2628,2,0.37271765,0.10849486,0.5187875
629,0,0.3239146,0.10899376,0.5670917
221,0,0.4323751,0.14251558,0.42510933
2643,2,0.23382543,0.20007882,0.5660958
1708,2,0.09729084,0.41363955,0.4890696
2451,2,0.19084986,0.31597096,0.49317917
2587,2,0.24031782,0.19602159,0.56366056
1367,1,0.06594815,0.46184468,0.47220722
3002,2,0.18646394,0.049445607,0.7640904
3089,2,0.28191572,0.1694796,0.5486046
1811,2,0.41721368,0.07120952,0.51157683
2171,2,0.14942995,0.36828786,0.48228225
2852,2,0.21815084,0.13976735,0.64208186
2935,2,0.27949288,0.21373397,0.5067732
1469,1,0.23736534,0.27497151,0.48766315
687,0,0.3366765,0.19322507,0.4700984
1445,1,0.20602141,0.32057184,0.47340673
1101,1,0.311569,0.23908919,0.44934177
3,0,0.22329228,0.32286307,0.4538446
1926,2,0.40205693,0.1760165,0.4219266
402,0,0.28832468,0.1702225,0.5414528
1377,1,0.2565552,0.18650578,0.556939
3146,2,0.30615613,0.1889263,0.5049176
2469,2,0.16354123,0.2476659,0.5887929
441,0,0.3647013,0.15325435,0.4820444
1805,2,0.28301272,0.26453534,0.45245197
325,0,0.41543236,0.07358818,0.5109795
371,0,0.43536353,0.01883469,0.54580176
717,0,0.31748518,0.18564358,0.49687126
133,0,0.32574767,0.1461509,0.52810144
1152,1,0.05620954,0.47669414,0.46709636
1155,1,0.15464912,0.2640894,0.58126146
2705,2,0.16425002,0.18310396,0.652646
440,0,0.39846563,0.057553254,0.54398113
2388,2,0.29935858,0.17160857,0.5290328
2000,2,0.25699955,0.03351678,0.7094836
955,1,0.27874172,0.2466344,0.47462383
1886,2,0.4467788,0.077724785,0.47549638
1372,1,0.3373125,0.16814832,0.49453923
2071,2,0.22983836,0.23314737,0.5370143
397,0,0.21128882,0.25545853,0.5332526
2281,2,0.27313146,0.28829154,0.438577
1363,1,0.22098583,0.24331161,0.5357026
119,0,0.42656323,0.13422345,0.43921337
118,0,0.39345753,0.0767868,0.52975565
2288,2,0.24748552,0.1642663,0.58824825
2181,2,0.30535272,0.11025165,0.58439565
1436,1,0.17500715,0.15078078,0.67421204
810,1,0.392493,0.10771945,0.49978754
1388,1,0.10407417,0.40617627,0.48974964
771,1,0.1384242,0.37530342,0.48627242
1213,1,0.36798716,0.0839048,0.5481081
306,0,0.38496062,0.06855007,0.54648936
1784,2,0.36952102,0.12810004,0.50237894
515,0,0.2990917,0.1423843,0.558524
455,0,0.3157799,0.21706638,0.46715382
812,1,0.38510016,0.17535904,0.4395408
2406,2,0.37720248,0.18708342,0.43571413
633,0,0.4079224,0.08554927,0.5065284
229,0,0.106012434,0.24697919,0.64700836
1242,1,0.052083686,0.48479322,0.463123
242,0,0.46485543,0.14791073,0.38723388
1936,2,0.24188145,0.057278227,0.7008403
1570,2,0.3207053,0.24278077,0.436514
44,0,0.37374264,0.16563173,0.46062574
222,0,0.30812722,0.21039276,0.4814801
292,0,0.30396542,0.18193664,0.5140979
692,0,0.25906783,0.21370305,0.5272291
3133,2,0.3649588,0.1048091,0.53023213
1334,1,0.38365707,0.1765776,0.43976533
19,0,0.21730585,0.2616333,0.5210608
859,1,0.29283392,0.21034065,0.49682537
1232,1,0.37257513,0.10296391,0.5244609
2332,2,0.326297,0.18085694,0.49284607
2522,2,0.22162734,0.1712978,0.60707486
890,1,0.16977708,0.35306326,0.47715965
2899,2,0.3085654,0.049562383,0.6418723
236,0,0.21064916,0.14196327,0.6473875
2278,2,0.16296355,0.34329134,0.49374512
1726,2,0.41089058,0.08040122,0.50870824
996,1,0.27535385,0.28609788,0.4385483
3123,2,0.23106083,0.1474139,0.62152535
472,0,0.22086927,0.19077717,0.5883536
2304,2,0.4289536,0.06441559,0.5066308
2150,2,0.33124563,0.17036119,0.49839324
1665,2,0.1710731,0.35290906,0.4760179
1096,1,0.035603955,0.52099156,0.44340444
2534,2,0.086597994,0.4263957,0.48700628
2716,2,0.21050723,0.2594123,0.5300805
321,0,0.16530423,0.24510233,0.5895934
3078,2,0.32267734,0.1753837,0.501939
2033,2,0.29059222,0.1891804,0.5202273
2873,2,0.27193812,0.31096083,0.41710097
1620,2,0.34310305,0.03751864,0.61937827
606,0,0.39021796,0.17441857,0.43536347
936,1,0.2248795,0.3165485,0.45857206
43,0,0.37956977,0.060109247,0.560321
1267,1,0.26175433,0.17028734,0.5679583
2507,2,0.23716813,0.0039017226,0.75893015
260,0,0.23170197,0.23816198,0.53013605
3000,2,0.25802186,0.28140128,0.46057686
1757,2,0.36085933,0.04083595,0.59830475
2985,2,0.07913015,0.43767908,0.4831907
469,0,0.40707788,0.040955193,0.55196685
1319,1,0.15940292,0.23541276,0.6051843
2280,2,0.33797058,0.1943368,0.46769264
153,0,0.25855607,0.015285335,0.7261586
3162,2,0.38109505,0.048624765,0.5702802
309,0,0.43398604,0.13503177,0.43098214
2289,2,0.2423851,0.2776731,0.47994184
989,1,0.18820584,0.25158045,0.5602137
1430,1,0.3473341,0.20027293,0.45239303
225,0,0.3345556,0.18372357,0.4817208
1885,2,0.29967716,0.18564932,0.51467353
1710,2,0.14505666,0.21712723,0.63781613
908,1,0.18638228,0.17556651,0.63805115
2092,2,0.22493216,0.1962328,0.57883507
735,0,0.3568004,0.18441273,0.45878685
387,0,0.4029394,0.12951525,0.4675454
1197,1,0.04525396,0.4985869,0.45615917
600,0,0.32071498,0.14558986,0.53369516
574,0,0.2339361,0.19957401,0.5664899
1335,1,0.1124774,0.3881737,0.49934888
1928,2,0.311378,0.088068545,0.60055345
447,0,0.26911524,0.28217158,0.4487132
2317,2,0.1776319,0.26676387,0.5556042
3005,2,0.18701391,0.3385007,0.4744853
983,1,0.39288297,0.14915907,0.45795795
1183,1,0.31280276,0.22880572,0.45839152
1055,1,0.042033944,0.14982353,0.8081425
2026,2,0.49671263,0.11083149,0.39245585
614,0,0.40841958,0.032820355,0.55876005
1790,2,0.25453398,0.14258933,0.60287666
300,0,0.4921887,0.13158578,0.37622553
2581,2,0.21504308,0.22683436,0.5581226
1465,1,0.09231557,0.41818872,0.4894957
10,0,0.5014314,0.097569115,0.40099952
2653,2,0.22079001,0.16442642,0.6147836
1448,1,0.23815215,0.2502619,0.511586
2585,2,0.4765614,0.12049744,0.4029412
1058,1,0.13663135,0.33492938,0.5284393
2036,2,0.29134443,0.058044855,0.6506107
2714,2,0.3396238,0.20576309,0.45461315
2794,2,0.21064684,0.3397667,0.4495865
1409,1,0.061177693,0.46393487,0.47488746
567,0,0.18753469,0.2537472,0.55871814
150,0,0.32948753,0.12617764,0.5443348
2777,2,0.35943052,0.14060614,0.49996328
882,1,0.307746,0.19485041,0.4974036
1587,2,0.26834634,0.29009315,0.44156048
2897,2,0.061421633,0.4608062,0.47777212
1689,2,0.25969088,0.27777365,0.4625354
1182,1,0.10083273,0.4166249,0.48254237
2582,2,0.13549389,0.37946156,0.4850445
75,0,0.28903806,0.005865455,0.70509654
2916,2,0.272955,0.18554084,0.5415042
1691,2,0.100903876,0.40893728,0.49015886
257,0,0.15473102,0.26670578,0.5785632
1419,1,0.06884735,0.45070127,0.48045138
2725,2,0.22404535,0.2095416,0.56641304
2905,2,0.100012094,0.2044575,0.69553035
1951,2,0.3364984,0.1771107,0.48639092
1127,1,0.20658042,0.24937554,0.5440441
1486,1,0.12552905,0.3836039,0.49086708
3024,2,0.106922075,0.39311865,0.4999593
1675,2,0.20430128,0.23193991,0.56375873
518,0,0.5540562,0.06878783,0.37715596
1929,2,0.35560545,0.18396166,0.46043298
2702,2,0.29447103,0.2459206,0.45960847
230,0,0.38032618,0.05810894,0.56156486
2485,2,0.33066815,0.10321972,0.5661121
1564,2,0.0985811,0.24169363,0.6597253
1123,1,0.37852764,0.14357555,0.47789678
1679,2,0.43535328,0.1337828,0.43086392
889,1,0.16911586,0.30266565,0.5282185
1614,2,0.27615902,0.21638091,0.5074601
58,0,0.19939399,0.25554454,0.54506147
1358,1,0.1023285,0.41522107,0.4824505
3120,2,0.068012804,0.42367864,0.5083085
1011,1,0.37346345,0.16017203,0.46636447
2084,2,0.1591913,0.24329789,0.5975109
1057,1,0.11235127,0.2289646,0.6586841
1481,1,0.13787869,0.35788807,0.50423324
2548,2,0.08554476,0.4280897,0.4863656
808,1,0.32752645,0.2278619,0.4446117
1068,1,0.0519357,0.48055327,0.46751103
945,1,0.07098025,0.41549623,0.5135236
2022,2,0.35463074,0.15070012,0.4946692
775,1,0.08905073,0.42710894,0.48384035
2617,2,0.29505685,0.16335306,0.5415901
1575,2,0.3642729,0.17789137,0.45783576
1326,1,0.15235542,0.30167663,0.54596794
2918,2,0.32674316,0.07590922,0.5973477
3149,2,0.2045426,0.11012651,0.6853309
20,0,0.3037656,0.1918421,0.5043924
863,1,0.14231849,0.36425152,0.49343
2976,2,0.15748039,0.36801192,0.4745077
3163,2,0.26885986,0.11222638,0.6189137
1387,1,0.05826579,0.4764065,0.46532774
2061,2,0.32034487,0.24503532,0.43461984
290,0,0.2466693,0.22657417,0.5267565
106,0,0.30075556,0.060152628,0.6390918
2803,2,0.3711714,0.11832547,0.5105031
360,0,0.3452208,0.17315885,0.48162034
1211,1,0.06848478,0.46078065,0.47073463
1863,2,0.058017913,0.47033188,0.47165024
2960,2,0.28848007,0.22916181,0.48235813
125,0,0.42397577,0.16853745,0.40748677
702,0,0.36331704,0.15757914,0.4791037
1979,2,0.3454687,0.1644781,0.49005315
1064,1,0.36405367,0.21185307,0.42409328
3097,2,0.16944434,0.27979556,0.55076015
1284,1,0.025749438,0.5376415,0.436609
171,0,0.30044124,0.20631485,0.49324396
2054,2,0.19228661,0.18591164,0.62180173
310,0,0.23577623,0.18416479,0.580059
954,1,0.12424899,0.35892773,0.5168233
47,0,0.34185404,0.13981897,0.51832706
973,1,0.5251535,0.101482235,0.37336418
1442,1,0.108043455,0.40857354,0.48338303
1487,1,0.11926376,0.3985858,0.48215047
1175,1,0.13616551,0.38270196,0.48113257
3125,2,0.18913981,0.22888704,0.5819731
870,1,0.1823386,0.17876878,0.6388926
3174,2,0.1254685,0.25202686,0.6225047
1754,2,0.23385724,0.110926,0.6552167
838,1,0.2901373,0.2403975,0.4694652
662,0,0.21101373,0.23022841,0.5587579
2762,2,0.15081096,0.29137507,0.55781394
2326,2,0.15046127,0.2568692,0.5926695
1810,2,0.3193274,0.19945471,0.48121792
790,1,0.14800991,0.3274364,0.5245537
1440,1,0.42569086,0.15082957,0.4234795
1005,1,0.041618157,0.49702382,0.461358
2132,2,0.33881384,0.17065261,0.4905336
2394,2,0.2967287,0.14092946,0.5623418
60,0,0.2814008,0.15341689,0.5651823
497,0,0.3896964,0.16479146,0.4455122
1995,2,0.1898972,0.21565156,0.59445125
7,0,0.340837,0.11512687,0.54403615
1124,1,0.25337645,0.20741372,0.5392098
395,0,0.1644885,0.2623928,0.57311875
88,0,0.10392461,0.403177,0.49289837
147,0,0.28627735,0.18929993,0.52442276
554,0,0.4905272,0.09563184,0.4138409
533,0,0.40284145,0.10877658,0.48838204
331,0,0.22728594,0.2316462,0.54106784
1172,1,0.15024152,0.3661744,0.4835841
2173,2,0.37634942,0.18662724,0.4370234
2228,2,0.34148955,0.17797086,0.48053962
2151,2,0.2179047,0.32465422,0.4574411
2231,2,0.34876642,0.047210857,0.6040227
2333,2,0.12500523,0.21782114,0.65717363
370,0,0.3827617,0.15855667,0.4586816
1920,2,0.057132147,0.15828681,0.78458107
3068,2,0.16578606,0.26858884,0.5656251
1105,1,0.31772995,0.18908381,0.49318632
1065,1,0.31565636,0.05062772,0.6337159
2996,2,0.1385621,0.36314583,0.49829197
1840,2,0.33157203,0.1325019,0.53592604
1764,2,0.11656785,0.2492842,0.63414794
637,0,0.25861585,0.26310417,0.47827998
1653,2,0.15399744,0.16387357,0.68212897
1044,1,0.18403831,0.22146477,0.5944969
2556,2,0.42752755,0.040625528,0.5318469
2502,2,0.23164155,0.30475345,0.46360502
2624,2,0.3025617,0.10304762,0.59439063
2321,2,0.10795385,0.2092971,0.68274903
2822,2,0.43991175,0.028266285,0.5318219
1466,1,0.119827874,0.39849445,0.4816776
573,0,0.4611737,0.1429024,0.3959238
881,1,0.12571119,0.3848112,0.48947763
2494,2,0.2891516,0.04571177,0.66513664
776,1,0.34874895,0.19548343,0.45576766
2414,2,0.272373,0.2550244,0.47260258
2432,2,0.084385335,0.18112944,0.73448515
1167,1,0.16016978,0.24348216,0.59634805
1134,1,0.3399386,0.16454113,0.49552026
2210,2,0.23219784,0.2881164,0.47968575
871,1,0.11625468,0.3927317,0.49101362
2446,2,0.0855986,0.43005046,0.48435092
1918,2,0.2076503,0.27756792,0.5147818
2584,2,0.33964464,0.16381247,0.49654293
65,0,0.313982,0.15485235,0.53116566
892,1,0.12864617,0.39831948,0.47303426
588,0,0.41255495,0.13516232,0.45228267
1128,1,0.25361678,0.21138476,0.5349984
2990,2,0.07550268,0.25602317,0.6684741
323,0,0.3188913,0.18031245,0.50079626
1652,2,0.34268573,0.16193366,0.49538067
2410,2,0.327626,0.19123392,0.48114008
1690,2,0.1150591,0.2530511,0.63188976
1676,2,0.36514193,0.14721793,0.48764014
2710,2,0.056047723,0.17031117,0.77364117
869,1,0.3436093,0.18154646,0.47484413
1169,1,0.39765814,0.16875847,0.43358344
1607,2,0.14031011,0.2565172,0.6031727
543,0,0.37411457,0.15550567,0.4703797
3058,2,0.33172852,0.11886735,0.54940414
2919,2,0.15144694,0.22443491,0.6241181
1895,2,0.381058,0.13791943,0.48102254
392,0,0.36413595,0.07255248,0.56331164
1122,1,0.10268505,0.41023812,0.4870769
2034,2,0.18623474,0.2795011,0.5342642
2239,2,0.32004395,0.1600779,0.51987815
691,0,0.19096932,0.341785,0.4672457
2102,2,0.3930545,0.16860732,0.43833816
2770,2,0.33386368,0.17765924,0.48847708
2895,2,0.49984252,0.110648975,0.38950846
2930,2,0.19113481,0.10454134,0.7043239
2230,2,0.15472351,0.29435074,0.5509258
2756,2,0.12226955,0.38746902,0.4902614
2147,2,0.33962113,0.2129725,0.44740647
2774,2,0.26893353,0.21770191,0.5133646
22,0,0.37577692,0.12433338,0.49988976
2119,2,0.3857268,0.16262634,0.4516468
231,0,0.2443886,0.27756903,0.47804236
2346,2,0.37505817,0.09434495,0.5305969
1076,1,0.15842348,0.35971227,0.48186418
3052,2,0.112964906,0.39808422,0.4889508
1696,2,0.15500754,0.3538217,0.4911708
3007,2,0.34277418,0.17245889,0.48476702
1264,1,0.107851416,0.39289233,0.49925622
490,0,0.15650573,0.35994783,0.48354644
555,0,0.3890271,0.14609852,0.4648744
1633,2,0.2742059,0.06779363,0.6580005
3034,2,0.2759167,0.13539653,0.58868676
1530,1,0.37994686,0.13700527,0.48304784
2366,2,0.06946203,0.22828259,0.7022554
1410,1,0.34925997,0.19523096,0.45550898
734,0,0.40831107,0.14071015,0.45097876
1986,2,0.32606304,0.13768151,0.5362555
2597,2,0.15150489,0.26453364,0.5839614
644,0,0.25061616,0.22558688,0.523797
2053,2,0.3050166,0.03789375,0.65708965
2404,2,0.32666942,0.19415802,0.4791726
1883,2,0.13084827,0.37778178,0.49137002
2665,2,0.22869822,0.12877718,0.64252454
2146,2,0.24487838,0.31390753,0.44121405
642,0,0.42160058,0.16509305,0.4133063
5,0,0.30836797,0.06737245,0.6242596
152,0,0.33508748,0.19532834,0.46958426
2537,2,0.37034842,0.07740661,0.55224496
759,0,0.20983513,0.3060809,0.48408398
1449,1,0.20657022,0.33380607,0.45962372
2722,2,0.0895631,0.2104308,0.7000061
2462,2,0.4334184,0.10060856,0.4659731
2896,2,0.20828404,0.18045774,0.6112582
2554,2,0.28496036,0.28607115,0.42896846
1579,2,0.10045548,0.40444672,0.49509785
3054,2,0.40797624,0.15298866,0.43903506
1225,1,0.07724014,0.42598483,0.496775
74,0,0.20021813,0.32670262,0.47307917
2007,2,0.32381815,0.20263155,0.4735503
2386,2,0.284362,0.26586446,0.44977355
791,1,0.24806447,0.25507274,0.4968628
2184,2,0.12091485,0.22136964,0.65771556
1932,2,0.41620886,0.024900565,0.5588906
326,0,0.30514315,0.20538062,0.4894762
1509,1,0.31510982,0.2135294,0.47136077
1202,1,0.15600729,0.21577726,0.62821543
639,0,0.29500842,0.064602755,0.6403888
549,0,0.35449278,0.018172946,0.6273343
967,1,0.062489506,0.46065664,0.4768539
3084,2,0.2159358,0.23289083,0.5511733
90,0,0.38705721,0.10873922,0.5042035
443,0,0.34447885,0.16102427,0.4944968
1876,2,0.30659404,0.20656732,0.4868386
1066,1,0.18323006,0.26487938,0.5518906
897,1,0.0771815,0.43867522,0.48414326
1434,1,0.048928846,0.46182042,0.48925078
1701,2,0.03662864,0.50831676,0.45505464
1845,2,0.07485392,0.4301187,0.49502742
1946,2,0.35096732,0.16133544,0.4876973
1956,2,0.3011526,0.18252087,0.51632655
2729,2,0.23295188,0.31344214,0.45360592
313,0,0.36883363,0.12976126,0.5014051
1567,2,0.1901821,0.1782386,0.63157934
583,0,0.19381711,0.21428838,0.5918945
3130,2,0.14670652,0.3335519,0.5197416
805,1,0.32525995,0.18305312,0.49168682
548,0,0.3215844,0.014465221,0.6639504
1299,1,0.2539258,0.19714974,0.54892445
1389,1,0.21024738,0.33124998,0.45850262
3104,2,0.2532385,0.16137974,0.5853818
1769,2,0.38218713,0.121566385,0.49624655
207,0,0.2143206,0.3151149,0.47056454
1750,2,0.11193954,0.40113097,0.48692954
2214,2,0.29607838,0.1968733,0.5070483
2931,2,0.22490579,0.24299341,0.5321008
568,0,0.35625818,0.02676522,0.61697656
580,0,0.20333856,0.2685978,0.5280636
427,0,0.19641504,0.29990527,0.50367975
2018,2,0.21724112,0.22235782,0.560401
2690,2,0.38113257,0.1674086,0.45145887
2111,2,0.11802761,0.32755315,0.5544193
970,1,0.24127486,0.19563848,0.5630866
1569,2,0.09808505,0.24275854,0.6591564
1864,2,0.3500676,0.18654756,0.4633848
1828,2,0.07316539,0.4455244,0.4813102
1437,1,0.114444226,0.39155668,0.49399906
319,0,0.14614443,0.36600986,0.4878458
2520,2,0.15182285,0.338396,0.5097812
641,0,0.27368188,0.19462113,0.5316969
1730,2,0.20584793,0.30377942,0.49037266
1977,2,0.3516981,0.071683995,0.5766179
2860,2,0.1624131,0.3692978,0.46828917
1041,1,0.19178483,0.2402285,0.56798667
1459,1,0.11370743,0.40445623,0.4818363
1146,1,0.3754378,0.17490324,0.4496589
365,0,0.18563129,0.120324664,0.69404405
224,0,0.3109898,0.21405976,0.47495043
758,0,0.3733598,0.016515944,0.61012423
1737,2,0.22285363,0.28525195,0.49189448
361,0,0.12684634,0.2253878,0.64776593
1266,1,0.4888525,0.113130726,0.39801678
2894,2,0.13014024,0.2723148,0.59754497
2185,2,0.059680607,0.46046695,0.4798524
1034,1,0.25671765,0.27184835,0.47143394
73,0,0.20219108,0.08449425,0.7133147
2561,2,0.14067593,0.2412709,0.61805314
749,0,0.36975983,0.1953835,0.43485662
175,0,0.22486109,0.18593678,0.58920217
2157,2,0.24536243,0.23358315,0.5210544
1743,2,0.30060318,0.10917474,0.59022206
462,0,0.359955,0.08328342,0.55676156
561,0,0.39304337,0.037271667,0.5696849
2154,2,0.36306137,0.22917272,0.40776592
587,0,0.45231843,0.123242475,0.42443913
2292,2,0.34818763,0.012771023,0.6390413
120,0,0.41427302,0.112148434,0.47357857
1848,2,0.2090973,0.2639946,0.52690804
1647,2,0.09871636,0.39666557,0.50461805
158,0,0.2614766,0.24097969,0.49754366
581,0,0.44837186,0.020844804,0.5307834
1138,1,0.10615305,0.4080808,0.48576614
1513,1,0.11180313,0.39731744,0.49087936
433,0,0.30097312,0.19821537,0.5008115
1825,2,0.19327693,0.26119426,0.5455288
2070,2,0.108275935,0.21291575,0.6788084
1417,1,0.37852782,0.18525106,0.43622112
1706,2,0.36650437,0.15708788,0.47640783
2340,2,0.31913552,0.22781928,0.45304528
197,0,0.33689004,0.18717566,0.47593433
2136,2,0.091599375,0.42220986,0.4861907
767,1,0.19108044,0.34718582,0.46173382
558,0,0.3700667,0.15740085,0.47253245
1792,2,0.29822904,0.20558958,0.49618143
1835,2,0.29538932,0.07670509,0.6279056
52,0,0.21902446,0.17477192,0.6062036
2112,2,0.09600326,0.20714849,0.6968483
2413,2,0.36819655,0.08456009,0.5472434
2477,2,0.29521152,0.11517323,0.5896152
2076,2,0.47535163,0.108881876,0.4157665
2748,2,0.13274017,0.38147315,0.48578674
471,0,0.415714,0.070802175,0.51348376
1500,1,0.23480912,0.2053959,0.55979496
591,0,0.07390405,0.44523162,0.48086432
2384,2,0.34075087,0.1950223,0.4642268
1480,1,0.059075054,0.4713305,0.46959442
997,1,0.30746394,0.22496238,0.46757376
720,0,0.39795312,0.16472003,0.43732682
2612,2,0.26518655,0.11072637,0.62408704
2405,2,0.1062133,0.26092577,0.6328609
2994,2,0.27133435,0.2860628,0.44260278
2057,2,0.116838254,0.3476604,0.5355014
3044,2,0.22604448,0.12510605,0.6488494
937,1,0.22627544,0.13410306,0.6396215
1957,2,0.33184373,0.22077635,0.44737992
1589,2,0.08256761,0.14182189,0.77561045
652,0,0.17017396,0.31892788,0.5108981
654,0,0.18904552,0.33845863,0.47249585
1882,2,0.28646985,0.029228708,0.68430144
2824,2,0.36694285,0.17747249,0.45558468
1813,2,0.35488603,0.19795881,0.44715518
2120,2,0.33020017,0.14060917,0.52919066
1692,2,0.240019,0.114286505,0.64569443
2013,2,0.27372533,0.03335078,0.6929239
2299,2,0.09670579,0.21017265,0.6931216
33,0,0.24230137,0.33518687,0.42251173
2475,2,0.4005565,0.1389231,0.46052042
423,0,0.12719764,0.24587089,0.6269315
1000,1,0.04294562,0.5028845,0.45416993
1255,1,0.0814623,0.4268975,0.49164015
1555,2,0.19727747,0.12002334,0.68269914
391,0,0.10084816,0.21994345,0.6792084
1323,1,0.06914094,0.4551015,0.4757575
368,0,0.5043626,0.10699207,0.3886453
294,0,0.3586767,0.1220459,0.5192774
1470,1,0.1427059,0.2971953,0.56009877
1220,1,0.3799815,0.11085641,0.5091621
3088,2,0.17483407,0.21319832,0.61196756
1431,1,0.379398,0.15345792,0.467144
875,1,0.11601958,0.4047781,0.47920236
1085,1,0.13111019,0.38876143,0.48012838
1516,1,0.14522785,0.37194005,0.48283204
2314,2,0.0968018,0.41099423,0.49220392
2087,2,0.3366979,0.17996213,0.48333994
205,0,0.3026209,0.08126609,0.616113
35,0,0.42232114,0.16060925,0.41706958
804,1,0.098262645,0.39772397,0.5040134
1582,2,0.1496919,0.23338492,0.61692315
2907,2,0.16682504,0.25676695,0.576408
2256,2,0.08410318,0.42154187,0.49435505
467,0,0.3327192,0.15081288,0.5164679
2472,2,0.16705003,0.1622013,0.67074865
530,0,0.30692032,0.14663361,0.546446
3171,2,0.44156435,0.11247132,0.4459644
3035,2,0.14298981,0.37074828,0.4862619
1880,2,0.23733032,0.0031942371,0.7594754
1719,2,0.19494718,0.23545775,0.56959504
2615,2,0.33738655,0.18041548,0.48219803
459,0,0.32884005,0.11912733,0.5520327
1968,2,0.19463867,0.20833358,0.5970277
1629,2,0.23677151,0.22910056,0.5341279
868,1,0.31086323,0.104079895,0.58505684
1098,1,0.36897975,0.1756962,0.4553241
2805,2,0.33137572,0.16056433,0.50806
40,0,0.31968814,0.10461411,0.57569784
1788,2,0.38920623,0.17513701,0.4356568
623,0,0.21862829,0.3075802,0.47379154
579,0,0.35480314,0.15728992,0.48790687
1291,1,0.35949814,0.1677574,0.47274444
1222,1,0.1347752,0.37497663,0.4902481
2262,2,0.17855185,0.30306458,0.5183836
2598,2,0.3208573,0.23550124,0.44364145
977,1,0.15375271,0.36954162,0.47670573
803,1,0.3437444,0.069043145,0.58721244
2798,2,0.2525663,0.076328754,0.67110497
2579,2,0.31210673,0.19630563,0.49158758
3113,2,0.25295874,0.069212995,0.6778283
1115,1,0.13589443,0.3777919,0.48631358
2747,2,0.20712878,0.12879732,0.6640739
3144,2,0.33728656,0.18936664,0.47334677
1623,2,0.2429398,0.28975946,0.46730077
2735,2,0.34568027,0.19860722,0.4557125
971,1,0.10020878,0.41415662,0.48563462
1537,2,0.044925146,0.18567115,0.7694037
1112,1,0.045778215,0.49505663,0.45916516
1991,2,0.17527701,0.016100582,0.8086224
1150,1,0.059067175,0.4610422,0.47989056
18,0,0.34944326,0.12603723,0.52451956
144,0,0.35155606,0.2264164,0.42202747
2593,2,0.12213974,0.22679913,0.6510612
1301,1,0.18999219,0.31893575,0.491072
271,0,0.3906847,0.14562875,0.4636866
1341,1,0.32345802,0.13306166,0.5434803
1980,2,0.32138282,0.06556182,0.61305535
2661,2,0.14202218,0.36260903,0.4953688
1494,1,0.33720127,0.18463896,0.4781597
2991,2,0.3590598,0.029222291,0.6117179
2448,2,0.09446399,0.37179542,0.53374064
491,0,0.45016226,0.13543844,0.41439933
1193,1,0.1761923,0.17002928,0.6537785
2376,2,0.14804308,0.365337,0.48661986
1059,1,0.1391453,0.3745406,0.48631415
932,1,0.07465496,0.44461772,0.48072737
400,0,0.2810349,0.19547814,0.5234869
2795,2,0.16174501,0.26372236,0.5745326
2296,2,0.31966606,0.1503183,0.5300156
449,0,0.29451412,0.046316274,0.6591696
509,0,0.29086795,0.08223561,0.6268964
1542,2,0.29188472,0.04423539,0.66388
885,1,0.1444812,0.35341266,0.5021061
2953,2,0.232835,0.27921918,0.48794585
304,0,0.10162483,0.4131964,0.48517883
2465,2,0.23719916,0.100264624,0.6625362
470,0,0.19329797,0.27396175,0.53274024
124,0,0.4351394,0.057766058,0.5070945
1097,1,0.12594552,0.39289677,0.4811577
893,1,0.36464962,0.13811253,0.49723783
972,1,0.19504768,0.3324273,0.47252506
2992,2,0.32275927,0.20326059,0.4739801
3074,2,0.14779201,0.020830298,0.8313776
2307,2,0.11023364,0.2595826,0.63018376
2842,2,0.23149355,0.26572055,0.50278586
3157,2,0.12644884,0.37857556,0.4949756
340,0,0.36899048,0.030186646,0.60082287
3164,2,0.3005291,0.22494517,0.47452572
2187,2,0.47377884,0.12653129,0.39968982
712,0,0.27459893,0.23765305,0.48774806
3154,2,0.49308127,0.11405287,0.3928659
2891,2,0.24514382,0.20810738,0.5467488
1325,1,0.2991379,0.21434414,0.48651803
1477,1,0.03025221,0.53339314,0.4363546
3117,2,0.46768826,0.14182633,0.39048544
1397,1,0.13357736,0.38008493,0.4863376
418,0,0.29534414,0.14465143,0.56000435
1560,2,0.3309102,0.16759673,0.50149304
2731,2,0.2511788,0.0029720326,0.7458491
919,1,0.13662764,0.3546629,0.50870943
1546,2,0.2750811,0.15158731,0.5733316
312,0,0.3563721,0.05969822,0.5839296
1385,1,0.05836097,0.4729674,0.46867168
288,0,0.24395978,0.011805574,0.7442346
2149,2,0.24179281,0.29330188,0.46490535
563,0,0.39186025,0.1438118,0.46432793
1872,2,0.4153905,0.121139586,0.46346995
2201,2,0.2830938,0.15781091,0.5590953
2765,2,0.53542554,0.082075894,0.38249862
842,1,0.109025285,0.21931852,0.6716562
678,0,0.27436888,0.20968246,0.5159487
726,0,0.28818783,0.13191418,0.57989794
814,1,0.074677415,0.44650418,0.47881833
2011,2,0.16562106,0.3471758,0.48720306
353,0,0.40381742,0.052595682,0.5435869
694,0,0.2719974,0.21710907,0.5108935
1687,2,0.2295486,0.09314963,0.6773017
1471,1,0.03209486,0.5232954,0.4446098
98,0,0.14068048,0.36729765,0.49202195
70,0,0.29396117,0.0847132,0.6213256
551,0,0.2186401,0.083271384,0.6980885
2525,2,0.2722808,0.2545475,0.47317162
2072,2,0.121734254,0.38274035,0.49552542
862,1,0.09607362,0.41925913,0.4846673
1327,1,0.05266317,0.481796,0.46554083
1919,2,0.34073943,0.20790169,0.45135888
2536,2,0.2997904,0.1689639,0.53124565
1156,1,0.12983873,0.37735218,0.4928091
651,0,0.3387404,0.23228604,0.42897353
2521,2,0.119157776,0.38057476,0.5002674
1786,2,0.38474295,0.18466489,0.43059218
2271,2,0.13113737,0.37769625,0.49116644
1877,2,0.17873637,0.26062408,0.5606396
1092,1,0.21012989,0.3210553,0.46881485
2504,2,0.102427416,0.39894465,0.498628
1082,1,0.40449664,0.15608452,0.43941882
1553,2,0.10945181,0.39194462,0.49860355
2826,2,0.10060304,0.41437384,0.48502308
2480,2,0.061567493,0.44189894,0.4965335
2089,2,0.21707684,0.2410542,0.5418689
1072,1,0.1416645,0.37103087,0.48730463
54,0,0.19205144,0.30674323,0.5012054
2275,2,0.11389431,0.29006156,0.5960441
275,0,0.34902474,0.14561515,0.50536007
2045,2,0.24017443,0.1828645,0.5769611
1314,1,0.22520977,0.30842397,0.46636623
917,1,0.11276482,0.39982048,0.48741472
251,0,0.3199071,0.23181573,0.4482772
1593,2,0.21272808,0.3358961,0.4513758
858,1,0.3373224,0.18278039,0.47989714
1938,2,0.3701165,0.17095974,0.45892373
610,0,0.40628546,0.10866226,0.48505226
2247,2,0.16944815,0.18989652,0.64065534
684,0,0.30279496,0.20472325,0.4924818
736,0,0.35941595,0.19346187,0.4471222
1317,1,0.11224356,0.3969122,0.49084422
2118,2,0.19702083,0.14527357,0.65770566
174,0,0.28510058,0.17814289,0.53675646
921,1,0.2701257,0.26874614,0.4611282
1702,2,0.23801488,0.18643844,0.5755467
376,0,0.32704422,0.032419793,0.640536
1670,2,0.3264634,0.1838244,0.48971212
189,0,0.16582125,0.23018478,0.603994
1223,1,0.13817927,0.37947,0.48235074
405,0,0.39248598,0.12744735,0.48006666
1758,2,0.30950674,0.20385878,0.48663443
1949,2,0.07868282,0.4179423,0.50337493
786,1,0.10826434,0.3950624,0.49667335
2662,2,0.40269312,0.09470521,0.5026016
2832,2,0.24188714,0.014537344,0.7435755
2807,2,0.06990309,0.4455378,0.48455912
3070,2,0.26540187,0.27964437,0.45495373
32,0,0.35406065,0.06760663,0.5783328
2797,2,0.34622794,0.016097037,0.637675
1745,2,0.04488273,0.48571727,0.46940005
380,0,0.35163245,0.09747174,0.55089587
2851,2,0.074853554,0.17537668,0.7497698
753,0,0.26091138,0.30215895,0.4369297
1145,1,0.31738582,0.2551952,0.42741895
1888,2,0.34446466,0.1615543,0.49398103
2140,2,0.13228874,0.24680446,0.62090683
2265,2,0.22916022,0.054712187,0.7161276
2835,2,0.1449341,0.30525908,0.54980683
2383,2,0.28072196,0.21773577,0.50154227
2847,2,0.24666247,0.20909134,0.5442462
2483,2,0.26141137,0.14854859,0.59004
3173,2,0.11942973,0.26001862,0.6205516
2409,2,0.16673315,0.30851936,0.5247475
961,1,0.27113158,0.27423328,0.4546351
872,1,0.10520493,0.38566145,0.50913364
1290,1,0.3173897,0.21876684,0.46384346
2220,2,0.24524803,0.3216348,0.4331172
404,0,0.32899535,0.076885246,0.5941194
2367,2,0.07624043,0.22249512,0.70126444
127,0,0.3801425,0.15901768,0.46083975
2166,2,0.07563233,0.43689594,0.48747176
1361,1,0.15252894,0.36439002,0.48308107
3161,2,0.27946454,0.20319939,0.51733613
2223,2,0.3741132,0.15403333,0.47185346
1846,2,0.30069914,0.013217264,0.68608356
1260,1,0.067437075,0.41693813,0.5156248
1709,2,0.22382466,0.15550087,0.62067443
1770,2,0.16360258,0.22593844,0.61045897
279,0,0.2523744,0.16343316,0.58419245
1246,1,0.22665668,0.31298783,0.46035555
311,0,0.2986416,0.0917448,0.60961354
1565,2,0.3304646,0.06392491,0.6056105
2221,2,0.056709807,0.470696,0.47259423
1548,2,0.27056202,0.18127789,0.5481601
2182,2,0.26036307,0.28598067,0.45365623
1906,2,0.17268969,0.24840294,0.5789074
1649,2,0.11894295,0.38706362,0.4939935
1141,1,0.2507876,0.26880533,0.4804071
744,0,0.32598004,0.07064816,0.60337186
2402,2,0.24667463,0.25264603,0.50067925
1286,1,0.3414327,0.23685917,0.42170808
2993,2,0.30164972,0.13538417,0.5629661
276,0,0.3511698,0.08821759,0.5606127
1858,2,0.24707419,0.13888401,0.6140418
1423,1,0.12719335,0.37922454,0.49358207
974,1,0.14426377,0.3729939,0.48274234
1258,1,0.35095298,0.13270077,0.5163463
2177,2,0.12818515,0.23415862,0.6376562
958,1,0.36002868,0.16470228,0.475269
2202,2,0.41570532,0.025679624,0.558615
1507,1,0.24412464,0.23502013,0.5208552
1157,1,0.1599259,0.21850896,0.62156516
915,1,0.092399344,0.42528778,0.48231292
3093,2,0.28463408,0.18091328,0.5344527
1504,1,0.35859042,0.14320631,0.49820325
2667,2,0.4271614,0.14370807,0.4291305
895,1,0.14492117,0.3950037,0.4600752
3188,2,0.14628778,0.25583926,0.59787303
1187,1,0.15388875,0.2473222,0.5987891
2677,2,0.3810366,0.17325856,0.4457048
1210,1,0.16877127,0.26421404,0.5670147
2142,2,0.4860307,0.11691459,0.39705476
2546,2,0.36006597,0.16333257,0.47660142
2672,2,0.21878578,0.21848491,0.56272936
1910,2,0.41196266,0.18136716,0.40667018
184,0,0.17329337,0.34291005,0.48379654
2287,2,0.20631418,0.21555549,0.57813036
1467,1,0.12398016,0.38988242,0.48613745
182,0,0.402943,0.1059779,0.49107915
2636,2,0.26201427,0.1821593,0.5558264
1274,1,0.10525294,0.40147495,0.49327216
165,0,0.39277375,0.121931605,0.48529464
1418,1,0.10237862,0.4069203,0.490701
532,0,0.37105963,0.19815008,0.43079025
1635,2,0.21574531,0.24116366,0.54309106
861,1,0.32142445,0.18793277,0.4906428
487,0,0.39530578,0.04379844,0.5608958
1292,1,0.22399335,0.31290096,0.4631057
2978,2,0.11472924,0.22467655,0.66059417
975,1,0.09033345,0.41907156,0.49059504
2017,2,0.0693661,0.45239866,0.47823524
1360,1,0.1638185,0.3386402,0.4975413
335,0,0.3638988,0.035941314,0.6001598
2547,2,0.16395353,0.21386129,0.6221852
2453,2,0.17477222,0.2362092,0.5890186
1296,1,0.09518887,0.40373254,0.50107855
2771,2,0.27059528,0.16093105,0.5684736
528,0,0.09959568,0.41109583,0.4893085
2937,2,0.3056479,0.25143492,0.4429172
1594,2,0.35807732,0.17179139,0.47013128
2877,2,0.26491693,0.14651035,0.58857274
3135,2,0.3595991,0.16078192,0.47961894
139,0,0.22728282,0.20291728,0.5697999
1715,2,0.30848426,0.16624482,0.52527094
1958,2,0.17505094,0.26885524,0.5560939
669,0,0.335172,0.20424552,0.46058252
1006,1,0.09052006,0.42618138,0.48329848
2400,2,0.07856163,0.4369542,0.48448423
815,1,0.11071399,0.39314547,0.49614045
301,0,0.1731081,0.34775537,0.4791365
2871,2,0.47984314,0.096345775,0.42381117
1093,1,0.33001536,0.1816434,0.4883412
2002,2,0.30519876,0.030360995,0.6644403
299,0,0.39082286,0.13131379,0.4778634
201,0,0.3176713,0.155167,0.5271618
2460,2,0.111355945,0.20161517,0.6870289
2195,2,0.20830859,0.28934175,0.5023497
634,0,0.27100283,0.22802022,0.5009769
2347,2,0.120026566,0.32043117,0.55954224
2808,2,0.37116617,0.15459555,0.47423825
2903,2,0.10106849,0.20903979,0.6898917
1029,1,0.05730189,0.47392514,0.4687729
1740,2,0.2421929,0.19632287,0.5614842
822,1,0.15388946,0.26904815,0.57706237
809,1,0.13524003,0.3850744,0.47968552
721,0,0.4038381,0.045090683,0.55107117
2116,2,0.1662317,0.20056117,0.6332071
2848,2,0.19380748,0.27604285,0.5301497
2633,2,0.30879945,0.20024541,0.49095514
2369,2,0.23662406,0.24966064,0.5137153
2616,2,0.10453603,0.4080397,0.48742434
2541,2,0.1455301,0.34330097,0.5111689
327,0,0.22452027,0.075798124,0.6996816
1339,1,0.13115966,0.25390455,0.6149359
1025,1,0.15461265,0.36801592,0.47737145
1512,1,0.22072318,0.2603264,0.51895046
234,0,0.4194301,0.1243993,0.45617062
159,0,0.16357425,0.35802236,0.4784034
760,0,0.11597781,0.3909583,0.493064
2920,2,0.15971535,0.26484194,0.5754427
2243,2,0.34692922,0.07377651,0.5792942
2130,2,0.3123502,0.10491501,0.5827348
2736,2,0.17645271,0.16193357,0.6616137
2294,2,0.3082554,0.13738383,0.5543608
1744,2,0.29836753,0.15029404,0.55133843
1978,2,0.27712253,0.15040237,0.57247514
519,0,0.49249974,0.10563169,0.40186864
80,0,0.39746043,0.10188247,0.500657
2583,2,0.15886106,0.37138414,0.46975476
2528,2,0.15273584,0.23672336,0.61054075
2719,2,0.40024614,0.15234414,0.4474098
2320,2,0.08876301,0.1822866,0.7289504
2396,2,0.12990157,0.25024018,0.6198582
1133,1,0.25570393,0.2738645,0.4704316
1307,1,0.37425074,0.16064298,0.4651063
539,0,0.4208127,0.11212208,0.46706516
1510,1,0.14346488,0.3709657,0.48556942
396,0,0.26716647,0.26732963,0.46550393
1271,1,0.4317491,0.1575691,0.41068184
2638,2,0.15145923,0.21264917,0.63589156
2303,2,0.12102718,0.38585952,0.4931133
1479,1,0.121523544,0.3636496,0.5148269
3098,2,0.10572129,0.4105495,0.48372924
1333,1,0.2017228,0.29538566,0.5028915
2016,2,0.37023196,0.13118136,0.49858665
1014,1,0.22163606,0.24588327,0.53248066
2047,2,0.12934116,0.29721192,0.5734469
3028,2,0.07769623,0.43916583,0.48313794
1192,1,0.09295897,0.2177809,0.68926007
796,1,0.104862764,0.38348684,0.5116504
1484,1,0.19618319,0.3287161,0.4751007
494,0,0.3570172,0.055617955,0.58736485
2914,2,0.17019865,0.22267292,0.6071285
1940,2,0.33004895,0.19647762,0.4734734
1190,1,0.161359,0.21828313,0.62035793
2815,2,0.33284554,0.18649846,0.48065603
3001,2,0.11679537,0.3868513,0.49635324
211,0,0.36657912,0.0551702,0.5782507
112,0,0.21269876,0.13357379,0.6537275
1164,1,0.40264094,0.14494884,0.45241025
206,0,0.2483984,0.22850676,0.52309483
2035,2,0.3107837,0.034524158,0.6546922
1336,1,0.33807644,0.19397898,0.46794456
841,1,0.12083111,0.3880717,0.49109718
3086,2,0.1728744,0.32693583,0.5001898
2589,2,0.092811644,0.42091206,0.4862764
1390,1,0.087259874,0.42706108,0.48567906
2870,2,0.049975507,0.48510644,0.46491802
2309,2,0.40051174,0.069967054,0.52952117
906,1,0.43364674,0.15052119,0.41583213
2324,2,0.12976226,0.23193249,0.63830525
1236,1,0.121419206,0.38987955,0.48870113
2191,2,0.16107464,0.20217979,0.6367455
949,1,0.15492496,0.3662023,0.4788727
1815,2,0.025546184,0.11613125,0.85832256
3158,2,0.31869474,0.18903342,0.49227175
2954,2,0.35662562,0.10822311,0.5351513
1930,2,0.29371998,0.22609292,0.48018715
253,0,0.29661065,0.14015463,0.56323475
778,1,0.3885886,0.050681982,0.5607294
24,0,0.37943065,0.08954611,0.5310232
2311,2,0.38219097,0.16673164,0.45107746
2769,2,0.053561725,0.47953597,0.46690226
2015,2,0.20195608,0.26464343,0.5334005
2981,2,0.3918853,0.17357475,0.43453997
1262,1,0.48560873,0.121914804,0.39247653
538,0,0.39124444,0.16654034,0.44221523
851,1,0.16417247,0.30997518,0.5258523
2350,2,0.24544509,0.2918102,0.46274468
2574,2,0.38389716,0.1702313,0.44587153
2989,2,0.32688507,0.059892442,0.61322254
2887,2,0.09144842,0.4236022,0.48494938
1572,2,0.25054425,0.1824165,0.5670393
2964,2,0.33481506,0.20524967,0.45993534
232,0,0.3415024,0.019159436,0.6393382
2041,2,0.17161836,0.005104117,0.8232775
1634,2,0.16560714,0.35777584,0.47661713
1119,1,0.08334029,0.42991084,0.48674884
1227,1,0.33685446,0.21658072,0.44656473
2286,2,0.114761844,0.39658567,0.4886524
856,1,0.18862608,0.27412352,0.5372504
1053,1,0.32805467,0.17093442,0.5010109
992,1,0.22769612,0.288544,0.4837599
367,0,0.54252434,0.07249357,0.38498208
2124,2,0.12380408,0.30786112,0.5683348
259,0,0.2829488,0.18336047,0.53369075
486,0,0.3990404,0.13356595,0.46739364
1054,1,0.12140907,0.21619144,0.6623995
879,1,0.2592134,0.29686865,0.443918
1622,2,0.19815591,0.26250666,0.53933746
1663,2,0.1599955,0.34798148,0.49202305
2913,2,0.10667101,0.21807583,0.67525315
2691,2,0.19347711,0.010289385,0.7962335
372,0,0.31131467,0.23865323,0.45003203
291,0,0.14376378,0.1749785,0.68125767
711,0,0.40321854,0.16364312,0.4331383
2929,2,0.40522173,0.16529994,0.4294783
501,0,0.14800571,0.3495207,0.50247353
2559,2,0.28778076,0.1794512,0.5327681
1194,1,0.089632906,0.4219626,0.48840448
444,0,0.20684072,0.29970607,0.4934532
2031,2,0.10302535,0.40678543,0.49018928
1391,1,0.17155369,0.26687202,0.5615743
1144,1,0.29214025,0.25303832,0.4548214
2492,2,0.36248222,0.03176771,0.6057501
2707,2,0.09894861,0.21651277,0.68453854
1310,1,0.10443743,0.40664336,0.48891923
1245,1,0.08289583,0.3606544,0.5564498
191,0,0.35272416,0.10645527,0.54082054
902,1,0.18830644,0.27122235,0.5404712
904,1,0.1640473,0.24535216,0.59060055
1349,1,0.19984098,0.16281132,0.6373477
151,0,0.30200762,0.004410667,0.69358176
2763,2,0.081088305,0.43580154,0.48311022
1147,1,0.1271857,0.26746947,0.60534483
2610,2,0.21923712,0.1636698,0.617093
3150,2,0.098502085,0.41553316,0.48596472
586,0,0.31657237,0.21578878,0.46763882
1311,1,0.1947036,0.25193617,0.5533602
2788,2,0.28358713,0.18870471,0.5277081
1571,2,0.48454,0.15308459,0.3623754
2044,2,0.12328586,0.38872638,0.48798776
2450,2,0.12920064,0.08887231,0.78192705
1464,1,0.093646966,0.4218575,0.48449552
2884,2,0.19859888,0.32754079,0.47386038
599,0,0.31530803,0.119945556,0.5647464
3132,2,0.27531144,0.16907962,0.5556089
15,0,0.28970268,0.25383767,0.45645964
329,0,0.3418552,0.1541077,0.504037
2963,2,0.3571524,0.230565,0.41228262
2606,2,0.31915164,0.1811586,0.4996897
1217,1,0.15003036,0.36545137,0.48451826
219,0,0.34721547,0.1734801,0.47930437
2103,2,0.07111424,0.45238644,0.47649935
2687,2,0.18868937,0.32464418,0.4866665
2969,2,0.25770643,0.2393808,0.50291276
1398,1,0.4118994,0.15245926,0.4356414
2344,2,0.16833517,0.3141049,0.5175599
845,1,0.14928785,0.23613594,0.6145762
2257,2,0.049773272,0.48805055,0.46217623
795,1,0.2969405,0.20144597,0.5016135
116,0,0.34200838,0.25348532,0.40450636
2434,2,0.18336494,0.21318024,0.6034549
513,0,0.3543523,0.18660277,0.45904487
2162,2,0.15250504,0.36225408,0.4852409
480,0,0.27741355,0.15274487,0.56984156
2363,2,0.28526333,0.051606864,0.6631298
2397,2,0.12242784,0.383916,0.49365613
1749,2,0.1584732,0.13117138,0.71035546
1004,1,0.08589399,0.41450092,0.49960512
1645,2,0.37375152,0.038668975,0.5875795
602,0,0.20756528,0.1663549,0.6260798
2698,2,0.15523008,0.24367477,0.6010952
1364,1,0.1331521,0.37379932,0.49304858
2938,2,0.2996507,0.047674056,0.6526753
1544,2,0.29236057,0.15984446,0.547795
2085,2,0.09735651,0.25375316,0.6488903
2831,2,0.12721038,0.11816557,0.75462407
2856,2,0.24213725,0.20871946,0.5491433
2180,2,0.1683036,0.17151913,0.6601773
2069,2,0.07811667,0.21317609,0.7087073
1276,1,0.21567784,0.31149557,0.47282657
1832,2,0.06774804,0.10789693,0.82435507
445,0,0.18200748,0.056829005,0.76116353
322,0,0.21432108,0.2621932,0.5234857
142,0,0.37758592,0.12588958,0.49652445
2046,2,0.021502946,0.13547786,0.84301925
463,0,0.35142902,0.025969688,0.62260133
1137,1,0.06641373,0.46233052,0.47125572
1275,1,0.11119309,0.40328774,0.48551917
173,0,0.26678684,0.050283033,0.6829301
1263,1,0.1899156,0.314173,0.4959114
2194,2,0.14031559,0.35931602,0.5003685
1472,1,0.06454127,0.45936188,0.47609687
1731,2,0.27469668,0.053476047,0.67182726
2986,2,0.30501017,0.21993922,0.47505066
382,0,0.2890126,0.18103983,0.5299476
613,0,0.2814347,0.20931627,0.50924903
1015,1,0.22248282,0.26415217,0.5133651
210,0,0.19565883,0.33353904,0.47080216
3140,2,0.13880232,0.2262621,0.6349356
121,0,0.24544463,0.24992402,0.5046314
927,1,0.07380771,0.45049977,0.47569257
1976,2,0.20067813,0.297866,0.50145584
2849,2,0.12564354,0.38302252,0.49133393
3122,2,0.2399769,0.24002412,0.51999897
1967,2,0.06672041,0.4545591,0.47872052
2820,2,0.4460592,0.14515378,0.408787
2245,2,0.07093854,0.44260636,0.48645517
2176,2,0.1675699,0.26457095,0.5678591
3126,2,0.27720815,0.027129153,0.6956627
725,0,0.37918767,0.12512603,0.49568635
1943,2,0.21297714,0.14433728,0.64268553
1136,1,0.11653924,0.39659843,0.4868623
855,1,0.16020727,0.35265118,0.48714152
1781,2,0.13254622,0.31549567,0.5519581
1425,1,0.08769087,0.42677477,0.48553434
1153,1,0.20278603,0.2638096,0.5334044
62,0,0.16055553,0.35863468,0.48080975
1447,1,0.14075306,0.18322909,0.6760178
1627,2,0.051420275,0.14945158,0.7991282
2258,2,0.12564068,0.2646652,0.6096941
132,0,0.45243275,0.13508543,0.41248178
2590,2,0.13636947,0.034562074,0.8290685
2654,2,0.13106531,0.3721602,0.49677446
2364,2,0.13113293,0.22598445,0.6428825
2167,2,0.3365667,0.027165959,0.6362673
710,0,0.444962,0.12452293,0.43051505
2855,2,0.14567614,0.30925655,0.5450673
3176,2,0.16656856,0.32132113,0.5121103
2768,2,0.21731257,0.29883936,0.48384804
2619,2,0.28737497,0.23151116,0.48111385
1309,1,0.19699596,0.25366184,0.5493422
305,0,0.46926925,0.13457207,0.39615875
2345,2,0.28445566,0.22894152,0.48660287
2490,2,0.08734552,0.42864096,0.48401353
2134,2,0.33031327,0.20463385,0.46505293
1345,1,0.13915746,0.37723896,0.48360357
345,0,0.3495988,0.050712194,0.59968907
2655,2,0.39985374,0.16783728,0.43230897
874,1,0.41223055,0.15255357,0.4352159
2267,2,0.23832126,0.20819026,0.55348843
2854,2,0.07102616,0.15796109,0.7710128
378,0,0.38102153,0.15093413,0.46804428
432,0,0.42367816,0.07035764,0.5059643
1496,1,0.10930242,0.39905146,0.49164614
1852,2,0.07120536,0.36483875,0.5639559
1288,1,0.14186507,0.28215528,0.5759796
1142,1,0.1322717,0.37584257,0.4918857
249,0,0.24865137,0.25316012,0.49818847
2259,2,0.09301541,0.33483538,0.5721492
952,1,0.17135759,0.3006027,0.52803963
66,0,0.4394916,0.14567807,0.41483024
1318,1,0.22541861,0.221374,0.5532074
1549,2,0.11501528,0.23276603,0.6522187
1328,1,0.14370419,0.37948617,0.47680962
268,0,0.4536921,0.07854566,0.46776232
233,0,0.31542405,0.017655479,0.6669205
2791,2,0.25778738,0.22015366,0.522059
1556,2,0.34233493,0.14191848,0.51574653
1562,2,0.12780637,0.35609806,0.51609564
896,1,0.32763585,0.14909546,0.5232687
512,0,0.507722,0.08698082,0.4052972
3015,2,0.29669192,0.20314102,0.5001671
1558,2,0.15005423,0.27312422,0.57682157
3151,2,0.19741322,0.2802961,0.5222907
227,0,0.21694194,0.28287813,0.50017995
3033,2,0.24064527,0.2797578,0.479597
2466,2,0.44970956,0.022067336,0.52822316
342,0,0.33257484,0.17157777,0.49584737
3111,2,0.14511178,0.34434718,0.510541
1117,1,0.11273983,0.39977732,0.48748282
1588,2,0.14574285,0.19251336,0.6617438
2850,2,0.29029524,0.23761857,0.47208613
677,0,0.3413997,0.14238031,0.51622
680,0,0.2690213,0.17728035,0.5536983
2373,2,0.3080635,0.20150642,0.49043012
2148,2,0.10949185,0.39329425,0.4972139
1981,2,0.18272957,0.15555272,0.6617178
960,1,0.04045201,0.50009745,0.45945045
1414,1,0.41840547,0.126695,0.45489946
508,0,0.30035275,0.15935476,0.54029256
1807,2,0.14328018,0.3746699,0.48204988
3187,2,0.39888301,0.17570756,0.42540944
807,1,0.10735706,0.40648636,0.48615655
2461,2,0.36508965,0.104775846,0.5301345
1428,1,0.25774467,0.2886958,0.4535595
2306,2,0.38898364,0.18152207,0.42949432
1256,1,0.3494547,0.16611598,0.4844294
1176,1,0.06376548,0.4600586,0.47617602
2174,2,0.27653942,0.20316525,0.5202953
2659,2,0.19396923,0.21157293,0.59445786
1814,2,0.3373705,0.15524961,0.50737983
1844,2,0.106836505,0.2367063,0.6564571
3016,2,0.33849898,0.18737301,0.4741281
925,1,0.19743495,0.32720947,0.47535557
264,0,0.39766935,0.16769278,0.4346379
343,0,0.34893766,0.13463305,0.51642925
2374,2,0.26274472,0.28413603,0.45311922
1526,1,0.11664591,0.39476186,0.48859218
2473,2,0.19024651,0.25961736,0.5501361
545,0,0.22850591,0.2816194,0.48987466
1342,1,0.25272942,0.2629806,0.48429
2039,2,0.2552675,0.09061812,0.6541143
2829,2,0.26985782,0.12168305,0.6084591
1444,1,0.05950326,0.15496662,0.78553015
162,0,0.39326823,0.06415021,0.54258156
277,0,0.18859577,0.304211,0.5071933
2506,2,0.14597227,0.21273226,0.6412955
2353,2,0.11694582,0.24751028,0.63554394
1174,1,0.0770621,0.44313765,0.47980025
2997,2,0.12839529,0.3791056,0.49249908
1657,2,0.33051077,0.12217019,0.54731905
1382,1,0.06764306,0.45816272,0.47419423
1963,2,0.2275974,0.32410473,0.44829783
3013,2,0.18936089,0.20733811,0.603301
2941,2,0.33713242,0.20193714,0.4609304
307,0,0.5544403,0.10180032,0.3437594
1140,1,0.3110324,0.20719558,0.48177198
947,1,0.07671368,0.407571,0.51571524
1761,2,0.09224183,0.41895667,0.4888015
1777,2,0.1092078,0.24943429,0.64135796
768,1,0.36169782,0.2106026,0.4276996
320,0,0.13706946,0.2244018,0.6385287
2086,2,0.23193753,0.1768054,0.59125704
1378,1,0.2511543,0.20844677,0.54039896
2833,2,0.35764197,0.20959647,0.43276152
1763,2,0.25982314,0.0017828759,0.738394
773,1,0.20926404,0.22976589,0.5609701
564,0,0.48510092,0.13002291,0.3848762
1760,2,0.2534066,0.26460892,0.48198453
523,0,0.44204083,0.13774608,0.4202131
411,0,0.13194035,0.38279912,0.4852605
670,0,0.30122924,0.17505984,0.52371085
1638,2,0.3230037,0.20788878,0.46910754
605,0,0.3839717,0.039366018,0.5766623
3178,2,0.13940278,0.26750195,0.5930953
1733,2,0.19625925,0.35151294,0.45222786
2060,2,0.32905245,0.16473196,0.5062155
2640,2,0.1945778,0.33518678,0.4702355
272,0,0.38887528,0.05973458,0.5513901
2334,2,0.270779,0.12182613,0.6073949
1651,2,0.06894193,0.4523113,0.47874686
1463,1,0.19274278,0.33469623,0.47256094
2980,2,0.29694945,0.25162247,0.45142817
1218,1,0.1612983,0.35752475,0.48117688
2785,2,0.23193401,0.17272358,0.5953424
1535,2,0.1937378,0.2043133,0.6019489
1312,1,0.11351468,0.40661612,0.47986922
2526,2,0.38958848,0.18221179,0.42819977
1941,2,0.21582441,0.26588163,0.518294
2117,2,0.10659419,0.40164104,0.49176475
622,0,0.30300996,0.19536018,0.5016299
2552,2,0.39244202,0.10987185,0.49768612
689,0,0.31989506,0.20071405,0.4793909
1293,1,0.100192055,0.40864134,0.49116668
3094,2,0.08472366,0.43192816,0.48334822
1392,1,0.20090812,0.32491726,0.47417462
3152,2,0.37558392,0.15120953,0.47320655
177,0,0.20019819,0.2512771,0.54852474
1615,2,0.3240406,0.054198913,0.62176055
1795,2,0.37852028,0.03215486,0.58932483
2532,2,0.16168268,0.19626708,0.64205027
1052,1,0.3379524,0.20122737,0.4608202
3017,2,0.22363609,0.27071524,0.50564873
1950,2,0.1712605,0.25710186,0.57163763
1491,1,0.25363776,0.27572447,0.47063783
650,0,0.4448353,0.05373502,0.5014297
2671,2,0.09694574,0.41169554,0.49135873
2156,2,0.24758945,0.018496558,0.73391396
1103,1,0.095062815,0.4178215,0.48711565
645,0,0.43740112,0.13316457,0.42943436
547,0,0.5296914,0.095981814,0.37432683
498,0,0.12047405,0.38741192,0.49211395
2163,2,0.11457314,0.002357706,0.88306916
2264,2,0.28499648,0.21725534,0.4977482
117,0,0.3690265,0.13727531,0.49369815
1596,2,0.30937612,0.22132207,0.46930185
302,0,0.2079632,0.32917622,0.4628605
1492,1,0.18779951,0.35915333,0.4530472
2438,2,0.4754642,0.08729643,0.4372394
1283,1,0.32999238,0.16072513,0.5092824
2025,2,0.31570268,0.22673276,0.45756456
1914,2,0.15834394,0.3580831,0.48357296
2906,2,0.1628158,0.05227909,0.78490514
1395,1,0.205494,0.23633555,0.55817044
1161,1,0.17285424,0.2570911,0.5700547
1250,1,0.32551935,0.25249106,0.42198956
2189,2,0.55120033,0.09603073,0.35276896
254,0,0.3151482,0.087364174,0.5974876
2019,2,0.15875182,0.2476478,0.5936004
1198,1,0.09523543,0.24387819,0.6608864
1912,2,0.435954,0.14281194,0.421234
1778,2,0.26512334,0.17359452,0.56128216
2486,2,0.3017459,0.21839018,0.47986388
1405,1,0.34382975,0.18051928,0.4756509
1545,2,0.29310244,0.062960014,0.6439375
1403,1,0.273736,0.24722655,0.47903746
1568,2,0.1498037,0.22008996,0.63010633
688,0,0.47299767,0.12291982,0.4040825
2196,2,0.3909628,0.14421706,0.4648201
1177,1,0.1443219,0.23654923,0.6191289
1573,2,0.2969112,0.109788746,0.59330004
1543,2,0.10320961,0.40782726,0.4889631
42,0,0.093266554,0.36802468,0.53870875
2099,2,0.36170837,0.18560517,0.45268646
2560,2,0.21247551,0.31140962,0.47611493
2962,2,0.18724008,0.21615376,0.5966062
716,0,0.30752644,0.21915847,0.4733151
640,0,0.39878392,0.18188536,0.4193307
474,0,0.387797,0.13523832,0.47696468
944,1,0.13733302,0.3741712,0.4884958
284,0,0.31271547,0.15682025,0.53046423
774,1,0.39943582,0.16179681,0.4387674
1656,2,0.21726108,0.23414975,0.5485891
2064,2,0.33793318,0.1867641,0.4753027
464,0,0.334475,0.07015411,0.5953709
2804,2,0.22911258,0.3080465,0.46284094
179,0,0.339191,0.15370157,0.50710744
1207,1,0.14007609,0.36988467,0.4900393
334,0,0.36811498,0.06786394,0.5640211
356,0,0.13556488,0.38507384,0.47936124
663,0,0.22667517,0.23422977,0.5390951
3169,2,0.32198647,0.18202683,0.4959867
3119,2,0.34443647,0.08885787,0.56670564
1171,1,0.30951133,0.2095883,0.48090044
2878,2,0.16094725,0.24623267,0.59282005
183,0,0.2607059,0.27560538,0.46368876
3155,2,0.32264704,0.18733299,0.49001992
1927,2,0.24941237,0.20197871,0.54860884
105,0,0.36760494,0.2129891,0.4194059
2875,2,0.20581858,0.22727403,0.5669074
2613,2,0.097627155,0.22535548,0.6770174
2359,2,0.21025242,0.31646374,0.47328386
156,0,0.2602572,0.2913676,0.44837517
2694,2,0.22173434,0.23895183,0.5393138
2732,2,0.28488424,0.014309464,0.7008063
1798,2,0.16465339,0.2603518,0.57499486
333,0,0.3918073,0.0614587,0.546734
572,0,0.3301879,0.14280277,0.5270093
935,1,0.06273195,0.46544805,0.4718201
1489,1,0.14085959,0.36438087,0.49475953
1374,1,0.13018003,0.38143957,0.48838037
2356,2,0.31544355,0.03639658,0.64815986
2067,2,0.24681738,0.29632273,0.45685992
746,0,0.5378181,0.08482995,0.37735188
3014,2,0.17717776,0.011126784,0.81169546
2599,2,0.4409526,0.16295317,0.39609423
843,1,0.17685547,0.24276417,0.5803804
1718,2,0.2343747,0.08158747,0.68403786
978,1,0.39676243,0.19944303,0.4037945
1969,2,0.31769678,0.11822957,0.5640736
203,0,0.2731012,0.20479347,0.52210534
2544,2,0.20312922,0.25021923,0.54665154
1230,1,0.1777767,0.34848,0.47374332
2900,2,0.0418045,0.17095134,0.7872442
3177,2,0.22069198,0.24415052,0.5351575
2838,2,0.17178935,0.3517683,0.47644234
1617,2,0.17813835,0.21485277,0.6070089
2497,2,0.31419116,0.1614096,0.5243992
1773,2,0.11027285,0.405624,0.48410308
2298,2,0.18578821,0.2694035,0.54480827
3096,2,0.15728252,0.3662489,0.4764686
756,0,0.41666687,0.018835945,0.56449723
1875,2,0.21719874,0.18380362,0.59899765
2040,2,0.38223824,0.0972946,0.52046716
281,0,0.40143833,0.20154172,0.39701992
1239,1,0.21629517,0.31688857,0.46681628
1357,1,0.14280857,0.3682923,0.4888991
2650,2,0.51345116,0.1113072,0.3752416
794,1,0.20884492,0.25450402,0.5366511
576,0,0.21032327,0.22665174,0.56302494
2207,2,0.33139774,0.15358305,0.51501924
1948,2,0.24187025,0.21587214,0.54225767
244,0,0.46048293,0.11042477,0.42909238
1626,2,0.36417222,0.13967663,0.49615115
3062,2,0.38431206,0.05865531,0.5570326
898,1,0.08678623,0.4083561,0.5048577
401,0,0.2645687,0.23112035,0.5043109
1785,2,0.34600183,0.19914097,0.45485717
873,1,0.27537724,0.12367125,0.6009515
2030,2,0.2248197,0.32988724,0.445293
3039,2,0.17722574,0.22285193,0.5999224
2564,2,0.4634079,0.1064679,0.4301242
653,0,0.43235785,0.06896541,0.49867678
1703,2,0.47566208,0.12143677,0.40290114
2911,2,0.2246494,0.28201747,0.49333313
413,0,0.38278297,0.086920105,0.5302969
1867,2,0.37071428,0.1089328,0.5203529
2970,2,0.16890876,0.34819475,0.48289654
1917,2,0.19055177,0.30094674,0.50850147
1165,1,0.12376817,0.38509747,0.4911344
84,0,0.28791973,0.21265642,0.4994238
328,0,0.330794,0.038706686,0.6304993
1856,2,0.34653297,0.21624413,0.43722287
656,0,0.3292529,0.19424689,0.4765002
608,0,0.22791864,0.10744467,0.66463673
2419,2,0.17422143,0.2744484,0.5513302
2713,2,0.21316129,0.2108299,0.57600886
2634,2,0.34186718,0.1796568,0.47847596
1433,1,0.15085457,0.36390424,0.48524114
51,0,0.43019027,0.101067714,0.46874207
2468,2,0.275103,0.1653311,0.55956584
2866,2,0.26722705,0.010704339,0.72206867
2095,2,0.22855729,0.1686599,0.6027828
482,0,0.5576274,0.06192268,0.38045004
765,0,0.32778734,0.15384643,0.5183662
571,0,0.25194576,0.259638,0.48841625
1972,2,0.15183996,0.2897074,0.55845267
926,1,0.16477785,0.25342846,0.58179367
8,0,0.3985957,0.17638125,0.42502308
784,1,0.32359314,0.16363458,0.5127722
2843,2,0.21589544,0.3179005,0.46620405
261,0,0.4076451,0.09952251,0.49283236
270,0,0.39273506,0.060196143,0.54706883
2817,2,0.36827537,0.07041479,0.5613098
1771,2,0.13834926,0.38192827,0.4797225
3045,2,0.3736667,0.089190684,0.53714263
1205,1,0.15326472,0.37263456,0.47410077
2193,2,0.14085655,0.2889035,0.57024
101,0,0.2328791,0.14218898,0.624932
864,1,0.27120075,0.29038084,0.4384184
85,0,0.12670821,0.21412335,0.6591684
2630,2,0.20448442,0.20095526,0.5945603
2236,2,0.25740176,0.05609808,0.6865002
2172,2,0.24387738,0.0573884,0.6987342
2411,2,0.29788685,0.1563724,0.5457407
1898,2,0.4158769,0.14718117,0.4369419
2743,2,0.30631036,0.02047362,0.673216
969,1,0.045888238,0.49209362,0.4620181
1766,2,0.1820436,0.34596884,0.47198755
1699,2,0.35290226,0.066549174,0.5805485
2751,2,0.25625318,0.27756336,0.46618336
2982,2,0.28498122,0.16646986,0.54854894
454,0,0.5379716,0.10429305,0.3577353
559,0,0.39167172,0.14611408,0.46221423
2500,2,0.18885581,0.3004341,0.51071006
1330,1,0.17603932,0.34896222,0.47499847
2961,2,0.12935123,0.3765849,0.49406382
2431,2,0.32090965,0.22338007,0.45571032
1056,1,0.16517076,0.35158485,0.48324436
1738,2,0.13832608,0.24373092,0.61794305
1806,2,0.093932204,0.2466767,0.6593911
1413,1,0.15763682,0.24109285,0.6012704
1300,1,0.03225741,0.5235971,0.4441455
931,1,0.08752457,0.38566098,0.52681446
1429,1,0.16491197,0.3529791,0.4821089
713,0,0.42425182,0.126569,0.44917917
248,0,0.19356781,0.10571818,0.70071405
1201,1,0.13456465,0.37770537,0.48773003
374,0,0.17062125,0.22578679,0.603592
3131,2,0.31809404,0.11934048,0.5625655
2723,2,0.13298531,0.21160805,0.6554066
2328,2,0.21529289,0.29338056,0.4913265
1033,1,0.09482634,0.41759387,0.48757982
2028,2,0.38919884,0.13650209,0.47429913
2947,2,0.3868033,0.08601877,0.52717793
2706,2,0.29532835,0.087447286,0.6172244
3022,2,0.1844865,0.1950708,0.62044275
1084,1,0.07899092,0.4367589,0.48425007
2415,2,0.32545406,0.17709902,0.49744695
1913,2,0.15285212,0.34658888,0.500559
1294,1,0.053283613,0.4786491,0.4680673
2379,2,0.1298629,0.16605419,0.70408285
1400,1,0.40801877,0.08352974,0.5084515
339,0,0.3051796,0.011831005,0.68298936
2283,2,0.3066793,0.24260114,0.45071957
1669,2,0.26066634,0.12849186,0.6108419
1609,2,0.1666243,0.3018452,0.53153056
2942,2,0.2605986,0.20156802,0.53783333
534,0,0.35619238,0.09677956,0.5470281
393,0,0.13942803,0.23511153,0.6254604
1502,1,0.12222388,0.356285,0.5214911
741,0,0.14628093,0.37022802,0.48349115
1836,2,0.15660267,0.37738207,0.46601525
1383,1,0.18064097,0.3429306,0.4764285
2972,2,0.3137103,0.15750453,0.52878517
957,1,0.45292875,0.14824757,0.39882368
2297,2,0.36042622,0.033755023,0.6058188
1121,1,0.053662308,0.4829914,0.46334627
1961,2,0.31003144,0.1724918,0.5174768
2575,2,0.4170502,0.055347208,0.5276026
823,1,0.18138336,0.20980792,0.6088087
1042,1,0.20448919,0.24346237,0.55204844
21,0,0.095653616,0.42312855,0.48121792
1371,1,0.0999467,0.37429982,0.5257535
550,0,0.37820235,0.12361385,0.4981838
1407,1,0.08288205,0.43670002,0.4804179
2741,2,0.25906628,0.3040714,0.43686235
2115,2,0.33235976,0.14422297,0.52341723
923,1,0.09728769,0.40836725,0.49434504
2701,2,0.10646749,0.20233974,0.69119275
3106,2,0.32462767,0.22545327,0.44991907
213,0,0.30954814,0.1693595,0.5210924
479,0,0.36437184,0.11968218,0.515946
2352,2,0.07954737,0.3701539,0.5502987
107,0,0.4136396,0.0820675,0.5042929
25,0,0.22558047,0.18320215,0.5912174
2668,2,0.17220917,0.04792098,0.77986985
562,0,0.28916657,0.22679539,0.48403805
2423,2,0.15728256,0.3548783,0.48783916
2882,2,0.12981287,0.38342774,0.4867594
2055,2,0.29512602,0.042574022,0.6623
2673,2,0.06209537,0.46794572,0.46995887
1973,2,0.40722686,0.17131872,0.4214544
2802,2,0.12467703,0.24345806,0.6318649
2625,2,0.26472175,0.195614,0.53966427
1772,2,0.21098413,0.25029755,0.5387183
531,0,0.25806385,0.15082599,0.5911102
1621,2,0.3513727,0.09803517,0.5505921
1577,2,0.29832208,0.09724277,0.6044352
1547,2,0.13527265,0.2192999,0.64542747
3103,2,0.29514146,0.2456415,0.459217
2125,2,0.34887984,0.1604782,0.49064198
1716,2,0.056770086,0.17204516,0.77118474
3037,2,0.20657413,0.25421882,0.53920704
1873,2,0.34389183,0.1858724,0.4702358
984,1,0.13162142,0.37287378,0.4955048
2724,2,0.23971146,0.3140726,0.44621593
1850,2,0.15634333,0.3520193,0.49163738
1874,2,0.28057116,0.26259738,0.45683146
458,0,0.170953,0.27660307,0.552444
1173,1,0.23094237,0.21550594,0.5535517
2254,2,0.29778808,0.024967395,0.6772446
1079,1,0.06699991,0.37635642,0.55664366
217,0,0.45984963,0.13368435,0.406466
2023,2,0.106056035,0.29229492,0.60164905
1668,2,0.3829087,0.10555834,0.51153296
2778,2,0.23563273,0.087988675,0.67637855
3124,2,0.029931199,0.4765215,0.49354735
1618,2,0.35205013,0.15007539,0.4978745
1619,2,0.42940065,0.1666048,0.4039946
2872,2,0.33415824,0.16250083,0.50334096
45,0,0.3539001,0.16090555,0.48519439
12,0,0.4074621,0.023347944,0.56918997
792,1,0.2965894,0.1902161,0.51319444
1942,2,0.369129,0.16884546,0.46202555
2790,2,0.3893301,0.07086489,0.53980494
2403,2,0.12544349,0.21425405,0.66030246
2837,2,0.17348288,0.25493634,0.5715807
1452,1,0.39216724,0.075098194,0.5327345
1563,2,0.32864684,0.10909838,0.5622547
2190,2,0.045761377,0.19598453,0.75825405
352,0,0.3436453,0.01585942,0.6404953
3003,2,0.4280418,0.15243068,0.41952753
1278,1,0.059764963,0.47707826,0.4631568
434,0,0.12705156,0.39182228,0.48112616
2161,2,0.21662284,0.3154086,0.46796855
1677,2,0.2116951,0.2378346,0.55047035
2074,2,0.22310771,0.31095588,0.4659364
2902,2,0.27238914,0.057621013,0.6699899
2758,2,0.102952205,0.4036031,0.49344462
2642,2,0.1464079,0.35469252,0.4988996
2424,2,0.16617233,0.34690666,0.48692095
943,1,0.21080759,0.29688057,0.49231187
364,0,0.5266216,0.11217725,0.36120117
157,0,0.36105666,0.21315147,0.42579186
202,0,0.32024777,0.18019587,0.4995564
1992,2,0.0764705,0.44599223,0.47753733
2576,2,0.43725675,0.1441833,0.41856003
2004,2,0.31078318,0.2711361,0.41808075
2631,2,0.2814997,0.24955061,0.46894965
1166,1,0.18909971,0.28163716,0.52926314
665,0,0.26916704,0.1257578,0.6050751
1868,2,0.15915085,0.23394196,0.60690725
1261,1,0.14328346,0.37667653,0.48003995
2819,2,0.13769041,0.28298685,0.57932276
2484,2,0.037981268,0.18452655,0.77749217
278,0,0.39309964,0.063121505,0.5437788
1408,1,0.2604785,0.3145853,0.42493612
2683,2,0.07312149,0.44312924,0.48374933
1610,2,0.2278421,0.0017646899,0.7703932
2442,2,0.16650417,0.23912442,0.59437144
2645,2,0.21413924,0.12657624,0.6592845
2336,2,0.30711535,0.1964994,0.4963852
607,0,0.55639386,0.100994855,0.3426113
1018,1,0.20502475,0.34117708,0.45379817
1879,2,0.31354082,0.047355715,0.6391035
787,1,0.20401287,0.28122666,0.51476043
2144,2,0.16194443,0.23554096,0.60251456
1282,1,0.23173101,0.3028933,0.46537563
1340,1,0.118579544,0.38992035,0.49150008
1216,1,0.22616436,0.22374456,0.5500911
1990,2,0.21501142,0.23664002,0.54834855
2773,2,0.093969874,0.4323646,0.47366554
1812,2,0.40138978,0.13715576,0.46145445
2555,2,0.13838199,0.3695493,0.4920687
1233,1,0.29627335,0.17570859,0.52801806
1613,2,0.35212433,0.14620006,0.50167555
611,0,0.3701651,0.17753671,0.4522982
1369,1,0.067311704,0.4571103,0.47557798
2213,2,0.06621494,0.18612692,0.7476582
2056,2,0.10425617,0.21332061,0.6824232
1501,1,0.54992956,0.096227534,0.3538429
648,0,0.40817735,0.18684648,0.4049762
939,1,0.2092722,0.24716933,0.5435584
886,1,0.3511853,0.18676656,0.46204814
2745,2,0.36110058,0.16274792,0.47615147
2358,2,0.071974516,0.44918656,0.4788389
1443,1,0.13187772,0.28095993,0.5871623
3090,2,0.10310898,0.40973467,0.4871564
2686,2,0.21393883,0.027921123,0.75814
2744,2,0.21449056,0.15323628,0.6322732
517,0,0.569909,0.073794656,0.3562963
991,1,0.118219376,0.3927596,0.48902103
894,1,0.060650814,0.4641961,0.47515312
1450,1,0.19210926,0.33019838,0.47769234
420,0,0.1303306,0.25782526,0.6118442
265,0,0.41405332,0.13219775,0.45374888
2949,2,0.13859452,0.26528165,0.5961238
968,1,0.14351597,0.37576467,0.4807194
527,0,0.1729553,0.30748236,0.51956236
818,1,0.10905711,0.40451825,0.4864247
2514,2,0.31464973,0.10245342,0.5828968
1214,1,0.2749877,0.22619103,0.49882117
847,1,0.09868246,0.39545822,0.5058594
2979,2,0.3025828,0.11659998,0.5808173
3108,2,0.12460131,0.24049169,0.634907
657,0,0.3342328,0.18182984,0.4839373
285,0,0.43019143,0.17386748,0.3959411
2169,2,0.38766193,0.19356392,0.41877413
1901,2,0.09097322,0.26736248,0.64166427
630,0,0.22831678,0.18402213,0.5876611
2079,2,0.27202085,0.09287055,0.6351086
1132,1,0.33928427,0.2230197,0.43769607
914,1,0.09268651,0.4195479,0.48776564
2109,2,0.23882091,0.29805422,0.46312484
2208,2,0.24226794,0.22649342,0.5312387
2216,2,0.21068908,0.25739688,0.531914
2234,2,0.2366235,0.20973636,0.55364007
1915,2,0.20924544,0.21573246,0.5750221
2595,2,0.09254647,0.2163883,0.69106525
2840,2,0.1438895,0.23602144,0.62008905
1923,2,0.31979883,0.1810005,0.49920067
2868,2,0.12345886,0.12316479,0.75337636
816,1,0.111180596,0.39614233,0.49267697
1506,1,0.2790517,0.27047542,0.45047283
1592,2,0.10453011,0.20971933,0.6857506
2535,2,0.3370087,0.2407272,0.42226413
2107,2,0.16978611,0.25741234,0.5728016
481,0,0.34323698,0.16449028,0.49227273
1826,2,0.40874237,0.09954175,0.49171588
1221,1,0.25172183,0.27840248,0.4698757
727,0,0.40231857,0.13910809,0.4585733
200,0,0.11693063,0.38677904,0.49629027
1017,1,0.19465575,0.24896869,0.55637556
111,0,0.31096977,0.107826404,0.5812038
2401,2,0.19986846,0.2338067,0.5663249
1114,1,0.36728537,0.15919659,0.4735181
1753,2,0.1370581,0.36129236,0.5016495
381,0,0.27723247,0.12496044,0.5978071
1953,2,0.3107726,0.25751477,0.43171257
2488,2,0.2988788,0.20949739,0.49162385
1036,1,0.09377634,0.4198423,0.48638138
208,0,0.45474088,0.1298311,0.415428
638,0,0.3816956,0.13723157,0.4810728
995,1,0.12816091,0.3721025,0.49973664
1911,2,0.3590137,0.14545155,0.49553478
2269,2,0.43167052,0.13936862,0.42896092
3026,2,0.40541017,0.14625211,0.4483378
676,0,0.3971307,0.1919273,0.41094202
598,0,0.23484263,0.16026632,0.6048911
3110,2,0.41917837,0.0271178,0.55370384
1381,1,0.045927677,0.49372658,0.46034583
2901,2,0.17801185,0.17608836,0.6458998
2126,2,0.31774467,0.1532932,0.52896214
3102,2,0.21492992,0.09615995,0.6889101
2518,2,0.113362916,0.29358202,0.593055
1518,1,0.0936309,0.4210327,0.48533648
399,0,0.2098106,0.25602975,0.53415966
2141,2,0.09197314,0.21195444,0.6960724
1106,1,0.1650599,0.36511573,0.4698243
2563,2,0.16977294,0.24400862,0.5862185
3181,2,0.34438896,0.17621659,0.4793944
2586,2,0.19988005,0.08359596,0.716524
2447,2,0.17244773,0.3452352,0.48231706
3006,2,0.3320849,0.17048028,0.4974348
2105,2,0.1648032,0.23768376,0.597513
2316,2,0.09781369,0.26576346,0.6364228
632,0,0.26467294,0.25369507,0.48163202
1411,1,0.11543084,0.2462719,0.6382972
1329,1,0.15882203,0.34844103,0.49273694
2135,2,0.27485684,0.21956411,0.50557905
2834,2,0.45875737,0.113997854,0.4272447
2921,2,0.41542068,0.15653019,0.4280491
338,0,0.29670772,0.2349674,0.46832493
1268,1,0.112724766,0.36746863,0.5198066
351,0,0.21109556,0.15570119,0.6332032
1550,2,0.175258,0.19946373,0.62527823
745,0,0.31760752,0.18908222,0.4933102
2277,2,0.20890467,0.1856267,0.60546863
2440,2,0.07548741,0.43871772,0.4857949
2530,2,0.16717494,0.3441102,0.4887148
990,1,0.21770933,0.30784622,0.47444448
1086,1,0.0996239,0.42010465,0.4802715
1380,1,0.3294866,0.19705874,0.47345465
2660,2,0.13120992,0.38278636,0.48600373
1671,2,0.23373654,0.24962951,0.516634
777,1,0.14113405,0.38157594,0.4772901
3139,2,0.1589101,0.20982486,0.631265
1551,2,0.04234477,0.50417185,0.45348337
430,0,0.17163078,0.26330847,0.56506073
2454,2,0.08679379,0.42776632,0.4854399
81,0,0.2958171,0.13150465,0.5726782
1782,2,0.16806604,0.21009941,0.6218345
448,0,0.38101542,0.17096817,0.44801643
1051,1,0.42432827,0.12694798,0.4487237
1851,2,0.43804225,0.121565536,0.44039223
2081,2,0.26057962,0.25079685,0.4886235
683,0,0.35003456,0.15849842,0.49146703
235,0,0.13948357,0.37410527,0.48641104
1725,2,0.14599445,0.3040178,0.54998773
1104,1,0.05311506,0.4824766,0.46440837
2957,2,0.37719575,0.025741987,0.5970623
2779,2,0.22649515,0.24575174,0.5277532
836,1,0.23787114,0.30351454,0.45861438
860,1,0.13156648,0.37827393,0.49015966
2222,2,0.23508519,0.2044179,0.5604969
596,0,0.31400183,0.22165893,0.46433926
2524,2,0.29590106,0.075653754,0.62844515
2482,2,0.17076302,0.24651377,0.5827232
1641,2,0.044356342,0.12913351,0.8265102
410,0,0.3722877,0.070887014,0.55682534
883,1,0.25359806,0.23677017,0.5096318
1960,2,0.33326808,0.19467792,0.47205397
2398,2,0.12701814,0.38624054,0.48674127
2392,2,0.22597589,0.20051584,0.5735083
2999,2,0.14763437,0.37030455,0.48206112
3100,2,0.29995328,0.24301063,0.45703617
3069,2,0.12882131,0.381336,0.48984262
137,0,0.33341697,0.055216357,0.61136675
1461,1,0.15305163,0.36762166,0.47932678
1604,2,0.38879558,0.08951449,0.5216899
728,0,0.35477057,0.1536253,0.49160406
2008,2,0.270307,0.013655314,0.7160377
26,0,0.45833147,0.118541874,0.42312667
2515,2,0.1360467,0.26868802,0.5952653
2430,2,0.17193559,0.14344722,0.68461716
1642,2,0.3949045,0.0987497,0.5063458
1179,1,0.2272662,0.17669317,0.59604067
1200,1,0.08039431,0.431315,0.48829073
363,0,0.35983956,0.19690275,0.44325766
2828,2,0.50896657,0.08818366,0.40284976
658,0,0.49954063,0.10923159,0.39122784
2890,2,0.34750554,0.14450444,0.50798994
388,0,0.3792338,0.08299086,0.5377753
330,0,0.2211714,0.2548404,0.5239882
1008,1,0.23453803,0.29848194,0.46697998
2956,2,0.43613458,0.11481134,0.44905415
2301,2,0.115527146,0.40618068,0.4782922
2987,2,0.27214324,0.19977982,0.52807695
3099,2,0.14011428,0.21213575,0.64774996
529,0,0.38665503,0.11851297,0.494832
1109,1,0.26886353,0.27721393,0.4539225
2727,2,0.34154308,0.13372613,0.5247308
647,0,0.34189546,0.20080738,0.45729718
2335,2,0.28687957,0.040618084,0.67250234
332,0,0.40335706,0.03936354,0.55727935
522,0,0.4393643,0.1534541,0.40718162
1462,1,0.4014115,0.15149486,0.4470937
2720,2,0.31599313,0.20668353,0.47732332
1231,1,0.37246892,0.21693872,0.41059235
1849,2,0.26933372,0.064973116,0.66569316
2759,2,0.31842205,0.13096598,0.550612
416,0,0.3288928,0.13604297,0.5350643
2248,2,0.1347077,0.2887693,0.576523
1847,2,0.22998406,0.20127408,0.5687419
878,1,0.22923458,0.24056025,0.53020513
2252,2,0.11406551,0.20576367,0.68017083
1711,2,0.16426162,0.31048557,0.5252528
2839,2,0.27805403,0.022797635,0.6991483
1315,1,0.15891905,0.35398278,0.4870982
348,0,0.32998753,0.048165884,0.6218466
1259,1,0.08325921,0.41131723,0.5054235
1013,1,0.089224726,0.42492643,0.48584884
2391,2,0.19941634,0.30798584,0.49259782
542,0,0.40220487,0.10396466,0.49383044
1168,1,0.135173,0.37999317,0.48483393
3092,2,0.22662048,0.12105217,0.6523274
149,0,0.42259783,0.124657944,0.45274422
154,0,0.35843703,0.13847433,0.50308865
2709,2,0.09387089,0.41641098,0.4897181
2904,2,0.24104969,0.20378715,0.5551632
1597,2,0.14435764,0.28256544,0.5730769
1909,2,0.22162215,0.15555356,0.62282425
3138,2,0.25898886,0.130892,0.6101191
1723,2,0.25458834,0.060740024,0.68467164
2319,2,0.19030939,0.27638215,0.53330845
2738,2,0.18677145,0.33996257,0.473266
187,0,0.17951575,0.24343075,0.57705355
1884,2,0.3976564,0.05125087,0.5510927
3047,2,0.13107818,0.30986556,0.5590562
359,0,0.25247774,0.22068286,0.5268394
2679,2,0.17126177,0.2495528,0.5791854
2237,2,0.3488505,0.041439112,0.6097104
113,0,0.30620027,0.009952345,0.68384737
2368,2,0.095694,0.24143709,0.662869
2543,2,0.2173026,0.16418083,0.61851656
2737,2,0.091268666,0.22052625,0.68820506
2614,2,0.23529185,0.24162036,0.52308786
1774,2,0.23308237,0.23373078,0.5331869
1324,1,0.31285042,0.1849497,0.5021999
2495,2,0.29590058,0.22131188,0.48278752
747,0,0.41284022,0.1542533,0.43290648
2696,2,0.22393726,0.26381302,0.5122497
764,0,0.30743238,0.076381885,0.6161857
565,0,0.30887976,0.03943783,0.6516824
390,0,0.14339286,0.36204195,0.49456513
2622,2,0.2737608,0.20766756,0.5185716
2626,2,0.4593788,0.130584,0.41003713
2681,2,0.32856247,0.2459946,0.42544293
190,0,0.437009,0.17067526,0.39231578
2501,2,0.21507995,0.18572459,0.5991955
1505,1,0.33029374,0.112162344,0.557544
1149,1,0.025185192,0.5231414,0.45167342
597,0,0.41432008,0.18735608,0.39832374
1067,1,0.3337465,0.23232953,0.433924
3107,2,0.17113675,0.34796962,0.48089367
1860,2,0.32724762,0.1971047,0.4756477
2354,2,0.09669265,0.22398059,0.6793268
2422,2,0.11575371,0.40227136,0.48197493
1070,1,0.120914035,0.39943707,0.4796489
535,0,0.42863172,0.12805614,0.4433121
686,0,0.4137369,0.09830737,0.48795572
2393,2,0.39228678,0.1826096,0.42510357
2967,2,0.05072707,0.15179384,0.79747915
866,1,0.23977384,0.30333143,0.45689473
1585,2,0.16105098,0.23069337,0.6082556
2924,2,0.45659965,0.059999738,0.48340052
2965,2,0.20256576,0.24880335,0.54863083
240,0,0.21503839,0.30156416,0.48339745
198,0,0.3331483,0.023192046,0.64365965
71,0,0.26211953,0.18026307,0.5576174
1994,2,0.3066375,0.19358446,0.49977806
2479,2,0.31576622,0.19747834,0.48675543
2862,2,0.08882312,0.24894974,0.66222715
1003,1,0.16836168,0.33283356,0.49880475
1712,2,0.22969131,0.22372644,0.5465822
1985,2,0.32952905,0.19358139,0.47688958
308,0,0.29698506,0.17039444,0.53262043
2692,2,0.1939164,0.07603919,0.7300444
948,1,0.18172745,0.17010774,0.6481648
1686,2,0.14556016,0.2547086,0.59973127
2983,2,0.08324623,0.43134707,0.4854067
674,0,0.13524818,0.3775558,0.48719606
2874,2,0.19960482,0.22759107,0.5728041
1497,1,0.16261029,0.23436713,0.6030225
2175,2,0.2044735,0.12041538,0.6751111
2700,2,0.3345583,0.06412605,0.60131556
2533,2,0.24564861,0.29989243,0.45445892
2459,2,0.3478139,0.20556422,0.44662187
2226,2,0.124961734,0.24852343,0.62651485
624,0,0.3649365,0.18350694,0.45155656
1234,1,0.027380813,0.53714275,0.43547636
1151,1,0.1552543,0.26769176,0.57705396
2152,2,0.16199732,0.18700998,0.6509927
2545,2,0.31489363,0.10212865,0.58297765
3036,2,0.19354883,0.22253807,0.58391315
2635,2,0.37225476,0.16185889,0.4658864
2021,2,0.32203645,0.20638363,0.47157988
1921,2,0.3338444,0.15180154,0.5143541
315,0,0.16046017,0.3163697,0.5231701
2001,2,0.27840617,0.26797593,0.4536179
492,0,0.13631497,0.37790447,0.48578054
798,1,0.39552093,0.17887911,0.4256
1393,1,0.1991285,0.26431447,0.536557
246,0,0.37114847,0.116963476,0.511888
199,0,0.48380083,0.080518216,0.435681
1424,1,0.17539664,0.30848375,0.51611966
110,0,0.2599452,0.23143004,0.50862473
940,1,0.07379108,0.22886948,0.6973394
2927,2,0.2517006,0.3108582,0.43744126
1681,2,0.43678582,0.13841775,0.4247965
337,0,0.39730543,0.04058706,0.56210744
715,0,0.46555638,0.13855267,0.39589098
2995,2,0.2752002,0.15711106,0.5676887
1365,1,0.15503033,0.3661458,0.47882384
1178,1,0.12781131,0.29871428,0.5734744
589,0,0.17365487,0.35687405,0.4694711
2491,2,0.3816298,0.18607979,0.43229043
2863,2,0.10169322,0.39727628,0.50103056
2588,2,0.17514856,0.3471262,0.47772527
355,0,0.2443083,0.2469939,0.5086978
1241,1,0.02952678,0.52841705,0.44205618
1100,1,0.08977858,0.42854398,0.48167747
3077,2,0.31595653,0.07251823,0.6115252
731,0,0.20382765,0.24816464,0.54800767
1272,1,0.19237253,0.31919584,0.48843163
1249,1,0.06700612,0.46035957,0.4726343
1996,2,0.049263835,0.486426,0.46431014
2143,2,0.22254859,0.17782865,0.5996227
3083,2,0.33488417,0.06325203,0.6018638
2512,2,0.18440183,0.26577947,0.5498187
1139,1,0.14857703,0.3634793,0.4879437
3127,2,0.2588669,0.124708354,0.6164247
2338,2,0.26731876,0.2777529,0.4549283
1353,1,0.34691617,0.18833026,0.46475354
3156,2,0.39921302,0.07915509,0.5216319
1287,1,0.19778602,0.3308631,0.47135088
457,0,0.22073744,0.23968953,0.5395731
1904,2,0.42986712,0.130081,0.44005194
2042,2,0.37688217,0.18230464,0.44081318
1765,2,0.29520795,0.2115643,0.49322772
3040,2,0.34376618,0.21003096,0.44620284
811,1,0.4030661,0.1240183,0.47291553
2553,2,0.3470493,0.09604665,0.55690396
590,0,0.20890479,0.25779223,0.533303
2641,2,0.23171456,0.21941195,0.5488734
2693,2,0.11925051,0.39619195,0.48455754
2355,2,0.09772391,0.19596307,0.706313
2666,2,0.22451709,0.16919513,0.60628784
2449,2,0.36907166,0.014193522,0.6167348
2703,2,0.33355188,0.023753775,0.6426944
1350,1,0.22771594,0.24975649,0.5225275
3166,2,0.2858601,0.22968753,0.48445234
2562,2,0.13982919,0.35435233,0.5058185
450,0,0.3907336,0.14440453,0.46486187
737,0,0.3726563,0.14625882,0.48108488
436,0,0.20554514,0.21213573,0.58231914
1254,1,0.32759684,0.21121593,0.46118727
1939,2,0.18904987,0.26597434,0.54497576
1529,1,0.14662592,0.35892725,0.49444684
740,0,0.16923799,0.22583409,0.6049279
1508,1,0.14853247,0.3625943,0.48887327
29,0,0.33591524,0.083719775,0.58036494
1659,2,0.39463785,0.084467605,0.5208946
2733,2,0.1164974,0.38766807,0.49583453
298,0,0.35074687,0.14460352,0.50464964
140,0,0.41844505,0.018460955,0.56309396
2859,2,0.15693851,0.26509368,0.5779678
733,0,0.46335825,0.12462688,0.4120149
1069,1,0.13575883,0.38281664,0.48142448
1037,1,0.114154436,0.40486014,0.4809855
1566,2,0.17604065,0.25585222,0.5681071
2104,2,0.06862881,0.27509144,0.65627974
2065,2,0.16032656,0.2378609,0.60181254
1113,1,0.16730565,0.35281503,0.47987935
664,0,0.19522254,0.2208736,0.5839039
1897,2,0.22014108,0.2986939,0.48116502
1199,1,0.24125408,0.22315821,0.53558767
1695,2,0.11309386,0.37852296,0.5083832
2093,2,0.250068,0.010469155,0.7394628
3165,2,0.4048865,0.12513955,0.46997392
1118,1,0.19865233,0.22693306,0.57441455
1746,2,0.35046458,0.116996646,0.53253883
318,0,0.18181452,0.33109537,0.48709014
2816,2,0.21832037,0.22468078,0.55699885
3079,2,0.36262485,0.07394319,0.563432
1499,1,0.3686607,0.14221375,0.4891255
2199,2,0.13345368,0.30692095,0.5596254
1094,1,0.16114351,0.23660259,0.60225385
2782,2,0.19346882,0.22413492,0.5823962
1947,2,0.28695622,0.16276763,0.55027616
163,0,0.28737786,0.23179944,0.4808227
2433,2,0.19646816,0.20742293,0.5961089
72,0,0.17793173,0.32137758,0.5006907
465,0,0.31485382,0.13282122,0.55232495
164,0,0.4168447,0.14429335,0.43886197
69,0,0.34110233,0.11008678,0.54881096
1297,1,0.34921834,0.17641805,0.4743636
1035,1,0.18997854,0.32038543,0.48963603
425,0,0.33073187,0.1327479,0.53652024
1095,1,0.25910437,0.28584975,0.45504594
2229,2,0.22880045,0.094561026,0.6766386
1869,2,0.5605793,0.080291666,0.359129
2821,2,0.23828061,0.2072175,0.5545019
761,0,0.37091133,0.14462598,0.48446268
499,0,0.2893391,0.24794474,0.4627161
2159,2,0.33254394,0.02943683,0.63801926
2923,2,0.30116186,0.20006476,0.49877337
2550,2,0.07627508,0.2800812,0.64364374
453,0,0.40196678,0.061756793,0.53627646
2799,2,0.44404873,0.0872894,0.46866193
748,0,0.417284,0.016521614,0.56619436
1954,2,0.26617324,0.2596918,0.474135
2513,2,0.3044807,0.2266212,0.46889806
2024,2,0.2794379,0.039129548,0.6814325
115,0,0.40479898,0.20129511,0.39390588
2806,2,0.26588404,0.020076575,0.7140394
417,0,0.15278096,0.25006598,0.59715307
2594,2,0.25485066,0.15994574,0.5852036
3057,2,0.26994509,0.18703416,0.5430208
1188,1,0.13398279,0.24186496,0.62415224
91,0,0.24926436,0.15307437,0.59766126
739,0,0.33217847,0.18595205,0.48186952
1373,1,0.32822272,0.22096507,0.4508122
666,0,0.18384935,0.25947145,0.5566792
1415,1,0.42056495,0.149325,0.43011013
1352,1,0.10717951,0.4096667,0.48315385
601,0,0.3833211,0.148989,0.46768993
1235,1,0.09730262,0.39754027,0.5051571
